Nitrogen,Potassium,Phosphorus,Moisture,Temperature,Soil Health Score,Soil Degradation Risk,Fertilizer,Soil Type,Yield
16.0,0.0,33.0,62.73,32.31,51.592686048718505,7.35,Chemical,Clay,15.140882767281823
18.0,0.0,33.0,58.24,31.98,55.010556676001414,7.649999999999999,Chemical,Silty,17.68372900617437
45.0,4.0,1.0,42.57,31.25,51.44628665008478,7.5,Chemical,Silty,15.653510818508872
28.0,0.0,23.0,65.51,29.27,59.11424999192675,7.649999999999999,Chemical,Clay,17.182407486159317
19.0,1.0,40.0,26.45,30.51,60.672097594451586,9.0,Chemical,Loamy,12.998406045714127
30.106750884751484,30.11208846493511,30.26448401296995,9.1,22.0,93.52982345344888,13.572498504398482,Chemical,Sandy,20.018720176607754
5.0,20.0,24.0,44.99,25.83,55.62314702644565,7.35,Chemical,Silty,18.161187137937713
9.0,0.0,42.0,41.33,28.63,56.63454767000108,7.649999999999999,Chemical,Silty,15.068644255972206
45.0,2.0,0.0,47.06,37.12,60.02515344529259,7.05,Chemical,Silty,14.800656290655594
19.0,0.0,43.0,46.49,35.22,58.10702425251846,9.3,Chemical,Silty,12.36245318998055
14.0,1.0,43.0,55.48,33.16,64.2495598434421,8.7,Chemical,Silty,13.39326498224906
18.0,0.0,45.0,23.76,26.91,64.62951485592919,9.45,Chemical,Loamy,13.556305063756477
12.0,0.0,37.0,27.98,34.92,56.825418287508754,7.35,Chemical,Loamy,16.122708347406064
17.0,2.0,42.0,62.97,34.43,87.7740892790501,9.15,Chemical,Clay,26.553293856888644
13.0,0.0,42.0,70.0,31.72,57.75115480348155,8.25,Chemical,Clay,17.414081414463396
9.0,12.0,26.0,55.98,33.24,57.23478411634308,7.05,Chemical,Silty,12.366097320419712
9.0,0.0,38.0,29.66,34.78,61.99867151663173,7.05,Chemical,Loamy,17.13908162307551
27.0,1.0,20.0,29.04,36.99,55.67876718836728,7.199999999999999,Chemical,Loamy,17.225403414129403
9.0,0.0,38.0,64.49,38.9,50.926982845707684,7.05,Chemical,Clay,17.599699005392672
30.106750884751484,30.11208846493511,30.26448401296995,41.39,30.97,87.12637614938689,13.572498504398482,Chemical,Silty,31.781581363794146
13.0,3.0,35.0,53.78,30.45,89.74731965191901,7.649999999999999,Chemical,Silty,20.731795464213747
13.0,0.0,40.0,31.22,27.39,55.116794844916434,7.949999999999999,Chemical,Loamy,17.40941365563514
9.0,4.0,35.0,41.55,34.57,62.37011919387695,7.199999999999999,Chemical,Silty,18.51742539167901
13.0,0.0,36.0,41.39,31.35,50.33532188273424,7.35,Chemical,Silty,19.954332611544018
15.0,4.0,38.0,54.46,30.5,94.26625415901503,8.549999999999999,Chemical,Silty,25.566173507017673
10.0,0.0,42.0,29.94,32.83,58.468609268802304,7.8,Chemical,Loamy,19.319772728794124
8.0,8.0,33.0,55.0,29.0,63.219926034516774,7.35,Chemical,Silty,18.117572497356974
14.0,0.0,41.0,21.2,25.47,64.49214615611682,8.25,Chemical,Loamy,13.07904225725176
21.0,0.0,28.0,43.9,28.68,62.71240815167087,7.35,Chemical,Silty,19.830828143965636
13.0,8.0,28.0,66.97,31.74,88.43406524771791,7.35,Chemical,Clay,26.956275916778576
15.0,0.0,45.0,40.89,21.89,61.897448807583544,9.0,Chemical,Silty,12.633456733639195
17.0,0.0,36.0,39.39,31.65,53.20017079243744,7.949999999999999,Chemical,Loamy,18.14128389350529
18.0,2.0,28.0,42.87,31.29,96.05427182378513,7.199999999999999,Chemical,Silty,31.512900248520875
26.0,2.0,22.0,49.87,31.88,90.05769338813275,7.5,Chemical,Silty,21.169941910189294
12.0,7.0,28.0,22.66,33.27,94.41757403885224,7.05,Chemical,Loamy,25.152438199413147
25.0,0.0,23.0,45.68,27.05,59.772577981674154,7.199999999999999,Chemical,Silty,14.121437991330943
15.0,2.0,38.0,26.36,33.95,97.64048614612452,8.25,Chemical,Loamy,32.27632234184578
10.0,7.0,30.0,40.61,31.18,88.35760619078403,7.05,Chemical,Silty,22.606055140261265
26.0,3.0,19.0,41.39,32.29,88.19546457088738,7.199999999999999,Chemical,Silty,24.068866798686596
14.0,10.0,35.0,64.19,32.43,85.67185729519692,8.85,Chemical,Clay,32.335082248539756
17.0,4.0,31.0,57.32,29.69,97.9665530102855,7.8,Chemical,Silty,26.723471748419414
10.0,3.0,34.0,36.44,37.49,92.49875179566274,7.05,Chemical,Loamy,24.466165738330336
13.0,0.0,38.0,68.62,32.76,53.213422138756606,7.649999999999999,Chemical,Clay,19.578210225362582
16.0,0.0,39.0,61.36,26.13,56.76419310234628,8.25,Chemical,Clay,14.913732403950519
11.0,0.0,40.0,56.5,32.56,50.18621851742088,7.649999999999999,Chemical,Silty,13.354307990533252
16.0,0.0,36.0,28.28,25.8,59.54776711459273,7.8,Chemical,Loamy,19.627242430507227
12.0,8.0,34.0,35.28,24.37,88.92699564882935,8.1,Chemical,Loamy,21.650094572179853
41.0,3.0,4.0,52.95,34.48,53.581526509891695,7.199999999999999,Chemical,Silty,16.303570302679248
16.0,4.0,40.0,28.21,22.37,89.6851123326062,9.0,Chemical,Loamy,24.670766129165
9.0,2.0,42.0,66.51,31.27,53.883360673370625,7.949999999999999,Chemical,Clay,12.645589889070239
18.0,1.0,36.0,25.38,28.09,52.26268199568566,8.25,Chemical,Loamy,19.578589995947404
17.0,2.0,37.0,39.6,27.77,85.83260576650015,8.4,Chemical,Loamy,26.078213510689583
15.0,13.0,19.0,67.98,32.86,70.78830385421018,7.05,Chemical,Clay,19.83648815324482
15.0,0.0,37.0,70.0,34.17,55.34120971988112,7.8,Chemical,Clay,18.281711226879093
10.0,1.0,38.0,44.94,29.82,54.21169781961578,7.35,Chemical,Silty,15.328665894541496
15.0,0.0,42.0,53.63,31.36,53.15225168294428,8.549999999999999,Chemical,Silty,15.170332167635108
12.0,3.0,37.0,35.49,36.93,88.82467658343133,7.8,Chemical,Loamy,24.387014695194942
18.0,0.0,36.0,44.74,35.43,61.50256291862385,8.1,Chemical,Silty,17.4647798815712
9.0,4.0,35.0,57.25,29.37,55.97321040470971,7.199999999999999,Chemical,Silty,16.8576711056475
9.0,0.0,41.0,39.15,25.64,60.35891955520914,7.5,Chemical,Loamy,19.383921656910726
15.0,0.0,32.0,39.79,27.88,58.285359739921894,7.05,Chemical,Loamy,14.96109000904387
15.0,18.0,20.0,25.46,29.02,79.49687948296227,7.949999999999999,Chemical,Loamy,19.335528176846932
19.0,3.0,28.0,43.69,22.97,97.84600914594442,7.5,Chemical,Silty,22.27058259763743
16.0,0.0,38.0,34.08,25.09,52.189586687807356,8.1,Chemical,Loamy,19.79194373276089
26.0,3.0,24.0,62.25,29.11,85.52746813478967,7.949999999999999,Chemical,Clay,19.946897537018067
8.0,0.0,41.0,40.86,36.17,62.69392946758779,7.35,Chemical,Silty,13.21431847044375
9.0,20.0,22.0,28.55,29.39,64.69436810701652,7.649999999999999,Chemical,Loamy,13.925849333312915
18.0,0.0,37.0,65.94,39.03,60.37760964800117,8.25,Chemical,Clay,16.947442421959238
17.0,3.0,42.0,70.0,32.89,91.51825599247023,9.3,Chemical,Clay,27.23966857681977
10.0,9.0,35.0,52.07,25.43,97.67638169183739,8.1,Chemical,Silty,31.458546310141536
19.0,3.0,27.0,30.22,31.65,94.97624978865038,7.35,Chemical,Loamy,20.759539963398986
6.0,13.0,28.0,37.5,35.41,53.67463745391832,7.05,Chemical,Loamy,19.314989582288252
14.0,0.0,35.0,33.64,34.75,54.41943412662775,7.35,Chemical,Loamy,15.822990833247468
15.0,21.0,22.0,45.71,34.68,97.69039613451795,8.7,Chemical,Silty,19.74465827843243
25.0,0.0,23.0,36.73,24.96,56.806712408281875,7.199999999999999,Chemical,Loamy,15.387320664061562
8.0,8.0,31.0,33.57,28.36,50.41997224315297,7.05,Chemical,Loamy,14.38484785889201
9.0,0.0,39.0,41.82,26.09,59.784417983538056,7.199999999999999,Chemical,Silty,17.446844481710894
45.0,1.0,3.0,38.74,32.6,60.69758034854055,7.35,Chemical,Loamy,12.6836375134254
24.0,0.0,23.0,43.31,33.83,57.903339556148126,7.05,Chemical,Silty,12.954706604936812
10.0,0.0,41.0,37.15,32.94,50.53335376642085,7.649999999999999,Chemical,Loamy,18.930175532198373
24.0,2.0,25.0,30.71,29.74,87.12516022168826,7.649999999999999,Chemical,Loamy,27.789885199521493
13.0,0.0,34.0,36.89,31.63,60.14900945898987,7.05,Chemical,Loamy,17.22215856560272
10.0,11.0,29.0,47.58,40.0,95.63945054072086,7.5,Chemical,Silty,26.232928844193605
10.0,3.0,36.0,25.31,33.49,91.65543189972908,7.35,Chemical,Loamy,32.30624204525255
6.0,11.0,34.0,26.04,27.46,57.655466501426886,7.649999999999999,Chemical,Loamy,14.37910822366194
10.0,7.0,32.0,57.3,26.38,96.26412378867349,7.35,Chemical,Silty,23.039111115877706
22.0,4.0,27.0,44.18,31.78,95.82961314057619,7.949999999999999,Chemical,Silty,27.041681021579972
9.0,3.0,39.0,49.51,24.83,56.641339150192,7.649999999999999,Chemical,Silty,19.936759440525933
13.0,0.0,40.0,28.0,27.0,58.967624663249,7.949999999999999,Chemical,Loamy,19.973813629967026
8.0,0.0,39.0,55.05,33.14,53.50075575997229,7.05,Chemical,Silty,16.792814739572094
8.0,1.0,42.0,41.31,39.45,56.616153573870754,7.649999999999999,Chemical,Silty,14.903395403440857
28.0,4.0,22.0,59.4,34.8,92.7711201807995,8.1,Chemical,Silty,21.47493566033106
26.0,0.0,23.0,43.63,25.3,50.78782189556938,7.35,Chemical,Silty,12.584177707086845
25.0,0.0,32.0,40.11,35.01,58.02418257489388,8.549999999999999,Chemical,Silty,12.358469650278943
11.0,0.0,36.0,50.63,30.97,55.62043868799632,7.05,Chemical,Silty,12.971618275285346
9.0,8.0,30.0,20.0,28.4,52.83781163814238,7.05,Chemical,Loamy,16.473898890939555
15.0,4.0,37.0,55.09,29.06,86.71886105742111,8.4,Chemical,Silty,28.39251640196876
44.0,3.0,0.0,21.23,30.8,63.749988449434845,7.05,Chemical,Loamy,14.19580000205568
12.0,0.0,35.0,37.44,28.52,61.10628457569429,7.05,Chemical,Loamy,15.445276212629517
17.0,0.0,39.0,68.73,29.68,56.15356126945581,8.4,Chemical,Clay,14.713404694431269
13.0,0.0,42.0,49.56,35.71,60.1788936027012,8.25,Chemical,Silty,15.684510277593763
13.0,2.0,36.0,36.26,35.93,88.84655837433893,7.649999999999999,Chemical,Loamy,32.35332000822852
9.0,10.0,29.0,46.8,33.22,56.46073867357864,7.199999999999999,Chemical,Silty,18.53256629181991
11.0,7.0,32.0,50.96,26.05,96.43128481462304,7.5,Chemical,Silty,31.85996276090269
26.0,0.0,22.0,52.55,28.29,55.555017922409085,7.199999999999999,Chemical,Silty,12.801691294957719
11.0,9.0,34.0,61.75,31.5,91.19451613124595,8.1,Chemical,Clay,27.46019417304812
11.0,1.0,39.0,51.07,30.72,57.69123175505018,7.649999999999999,Chemical,Silty,15.9132179550462
25.0,2.0,23.0,35.83,33.14,93.46421248920716,7.5,Chemical,Loamy,24.73537932264554
10.0,11.0,26.0,35.76,38.68,95.93209253754618,7.05,Chemical,Loamy,30.751985083888755
8.0,8.0,34.0,53.21,32.93,64.1401855050277,7.5,Chemical,Silty,13.737460545420635
11.0,4.0,46.0,42.02,29.33,94.0637476652593,9.15,Chemical,Silty,26.607376679798254
10.0,4.0,42.0,29.35,32.53,96.44238424007442,8.4,Chemical,Loamy,28.778700621872336
10.0,6.0,32.0,41.46,24.11,94.66350170138205,7.199999999999999,Chemical,Silty,23.170709641838563
10.0,11.0,27.0,57.76,31.54,96.73280287931944,7.199999999999999,Chemical,Silty,22.603952584904903
11.0,3.0,33.0,52.62,27.41,87.1815802414435,7.05,Chemical,Silty,24.846036760934997
40.0,4.0,3.0,48.86,28.38,62.92541088706869,7.05,Chemical,Silty,13.755746542394958
22.0,0.0,27.0,43.48,31.04,53.69131017272979,7.35,Chemical,Silty,14.654546540065324
23.0,0.0,28.0,41.51,28.55,58.43483305070995,7.649999999999999,Chemical,Silty,15.861149393582748
12.0,0.0,37.0,42.58,37.38,55.30733825987679,7.35,Chemical,Silty,19.234794486375407
45.0,1.0,3.0,42.57,24.17,60.26724794065104,7.35,Chemical,Silty,14.844564075446286
43.0,4.0,0.0,46.52,32.64,60.15535386358361,7.05,Chemical,Silty,15.263483946096176
18.0,0.0,42.0,44.45,37.26,54.76944742593772,9.0,Chemical,Silty,18.549072756881195
13.0,0.0,43.0,55.43,34.68,59.24402883086533,8.4,Chemical,Silty,13.103738106584439
6.0,4.0,37.0,52.06,27.58,59.686407100504844,7.05,Chemical,Silty,12.113733976760031
12.0,9.0,30.0,56.57,35.49,85.18518045100201,7.649999999999999,Chemical,Silty,20.14318690789656
21.0,0.0,26.0,35.77,33.96,60.55479937748556,7.05,Chemical,Loamy,13.837988970814576
5.0,10.0,36.0,63.43,26.12,60.9119727762224,7.649999999999999,Chemical,Clay,15.606931698382462
15.0,0.0,36.0,34.46,35.11,58.12085713209767,7.649999999999999,Chemical,Loamy,13.756381845922817
13.0,4.0,39.0,49.05,37.61,86.44209341246943,8.4,Chemical,Silty,20.158763341394614
13.0,1.0,36.0,25.02,32.22,53.09035262134996,7.5,Chemical,Loamy,12.908717758250347
24.0,0.0,26.0,30.37,29.12,57.61326510304403,7.5,Chemical,Loamy,15.743719515015338
20.0,4.0,24.0,38.9,22.73,94.25714582400146,7.199999999999999,Chemical,Loamy,21.514094226724318
13.0,10.0,30.0,68.08,33.6,92.24866577608095,7.949999999999999,Chemical,Clay,23.19192829124959
14.0,4.0,39.0,30.02,40.0,96.0466999733016,8.549999999999999,Chemical,Loamy,21.211256546362065
17.0,2.0,29.0,41.63,30.4,88.38485000122218,7.199999999999999,Chemical,Silty,27.75213326868652
7.0,9.0,31.0,20.0,23.79,64.6018357412992,7.05,Chemical,Loamy,15.581262594576552
15.0,0.0,33.0,67.37,32.19,52.71881437432573,7.199999999999999,Chemical,Clay,14.139159915314409
12.0,1.0,42.0,68.38,31.11,61.16922675596319,8.25,Chemical,Clay,12.233170131656209
13.0,0.0,36.0,35.38,26.23,55.875153673989324,7.35,Chemical,Loamy,13.560833504027267
12.0,10.0,33.0,63.84,29.81,94.77583004725888,8.25,Chemical,Clay,28.862198578881465
8.0,0.0,39.0,40.56,25.86,63.50300760592236,7.05,Chemical,Silty,18.770606606794093
11.0,1.0,36.0,50.41,38.42,64.24598655758248,7.199999999999999,Chemical,Silty,12.087124173316612
30.106750884751484,30.11208846493511,30.26448401296995,39.6,14.0,90.3315431939327,13.572498504398482,Chemical,Loamy,19.819918093447107
23.0,0.0,24.0,43.0,27.0,60.40416630468438,7.05,Chemical,Silty,12.195749961242718
11.0,9.0,30.0,20.0,34.2,91.67777711303663,7.5,Chemical,Loamy,21.62184179022107
17.0,1.0,33.0,28.22,28.19,64.29161572216594,7.649999999999999,Chemical,Loamy,14.689910600746268
7.0,7.0,35.0,59.96,32.33,50.0563927821877,7.35,Chemical,Silty,16.60770833418685
9.0,0.0,42.0,24.49,22.18,53.2530741040215,7.649999999999999,Chemical,Loamy,15.80855418540005
13.0,4.0,38.0,28.75,30.53,93.34604464363369,8.25,Chemical,Loamy,30.84173613011875
9.0,9.0,34.0,47.6,33.78,64.19691942512357,7.8,Chemical,Silty,17.908927469138565
18.0,1.0,40.0,65.87,29.75,60.001994246018235,8.85,Chemical,Clay,19.353982176125214
28.0,0.0,21.0,44.49,29.37,51.50804919126264,7.35,Chemical,Silty,12.707322962280415
23.0,0.0,25.0,32.7,27.71,55.808690144166434,7.199999999999999,Chemical,Loamy,16.645460833432953
11.0,2.0,39.0,46.42,28.7,86.33810942570442,7.8,Chemical,Silty,30.99016180788539
19.0,0.0,45.0,40.24,37.69,63.07297912443025,9.6,Chemical,Silty,19.786996756814702
10.0,0.0,41.0,61.25,29.11,62.74258357875871,7.649999999999999,Chemical,Clay,12.975887322996599
16.0,0.0,33.0,28.32,29.51,60.567400038181844,7.35,Chemical,Loamy,17.650667884963514
30.106750884751484,30.11208846493511,30.26448401296995,41.39,30.97,94.29786907409208,13.572498504398482,Chemical,Silty,30.878976967266464
16.0,0.0,34.0,41.42,29.89,60.56432431792742,7.5,Chemical,Silty,16.58125316710052
25.0,0.0,28.0,33.3,34.41,63.42848586684402,7.949999999999999,Chemical,Loamy,19.203152524072433
15.0,1.0,32.0,41.66,33.13,62.89444586657033,7.199999999999999,Chemical,Silty,17.92602106174473
16.0,0.0,38.0,67.98,31.46,64.86018150774605,8.1,Chemical,Clay,15.300889151358
16.0,2.0,38.0,34.32,25.08,91.8559825686344,8.4,Chemical,Loamy,21.04701722303043
7.0,0.0,44.0,28.11,27.74,64.45877731702102,7.649999999999999,Chemical,Loamy,15.913206332361803
13.0,0.0,36.0,23.1,26.57,54.004031484842756,7.35,Chemical,Loamy,12.913564921142607
23.0,0.0,24.0,46.46,34.35,61.55133104521833,7.05,Chemical,Silty,12.062566068223095
16.0,0.0,42.0,65.23,36.39,62.446852969778114,8.7,Chemical,Clay,15.196825361981391
26.0,2.0,24.0,40.1,29.54,94.06793762543347,7.8,Chemical,Silty,26.901880277788052
30.106750884751484,30.11208846493511,30.26448401296995,39.6,14.0,87.10811299301115,13.572498504398482,Chemical,Loamy,24.98770991122982
10.0,0.0,39.0,20.0,28.01,61.30590077386155,7.35,Chemical,Loamy,19.805864294417653
11.0,5.0,34.0,61.12,25.98,94.70847585824815,7.5,Chemical,Clay,20.988067528838908
28.0,0.0,20.0,28.16,20.86,62.804397186223014,7.199999999999999,Chemical,Loamy,12.225196718684936
13.0,0.0,37.0,23.34,26.62,61.33096367901546,7.5,Chemical,Loamy,17.061454017122653
13.0,3.0,43.0,50.4,38.04,89.8560919014478,8.85,Chemical,Silty,20.41716600803209
45.0,4.0,0.0,32.8,23.88,54.14805558292352,7.35,Chemical,Loamy,19.668875859090903
13.0,3.0,41.0,45.0,28.27,89.58683496434729,8.549999999999999,Chemical,Silty,21.469426089683743
14.0,0.0,38.0,51.35,35.46,58.416619964186836,7.8,Chemical,Silty,19.352562155357262
14.0,0.0,38.0,47.06,24.26,55.95404749265377,7.8,Chemical,Silty,19.99099619429322
21.0,0.0,26.0,36.0,28.06,61.4249117054575,7.05,Chemical,Loamy,14.718544054370762
12.0,1.0,40.0,37.37,31.42,60.062563136952654,7.949999999999999,Chemical,Loamy,17.228318715876316
30.106750884751484,30.11208846493511,30.26448401296995,41.39,30.97,91.83403341766571,13.572498504398482,Chemical,Silty,29.784286675897018
27.0,0.0,21.0,41.74,29.91,59.11659641720114,7.199999999999999,Chemical,Silty,15.201331536749269
10.0,8.0,33.0,33.1,31.4,88.87761143931417,7.649999999999999,Chemical,Loamy,27.455072610996908
12.0,0.0,36.0,37.32,37.84,63.2268274625814,7.199999999999999,Chemical,Loamy,17.610282491597882
14.0,3.0,38.0,36.74,22.46,93.27569065518162,8.25,Chemical,Loamy,25.88364099384942
7.0,21.0,24.0,52.64,37.73,58.307891020255575,7.8,Chemical,Silty,17.434201262553994
11.0,0.0,38.0,36.67,34.86,50.122286109182944,7.35,Chemical,Loamy,18.545552584541205
7.0,1.0,39.0,54.24,27.45,59.04377880546786,7.05,Chemical,Silty,19.825003748643663
10.0,2.0,42.0,36.72,37.61,95.4895392102716,8.1,Chemical,Loamy,28.075358853446925
11.0,8.0,33.0,49.62,30.95,92.71250518837411,7.8,Chemical,Silty,24.30125333756194
9.0,20.0,18.0,48.4,37.32,57.20932821437334,7.05,Chemical,Silty,14.13536406633507
8.0,9.0,30.0,26.0,30.0,60.2768426026179,7.05,Chemical,Loamy,12.97031247335424
17.0,0.0,38.0,22.45,24.5,57.73493460725467,8.25,Chemical,Loamy,13.084773483216168
18.0,4.0,33.0,34.23,35.49,95.67930433507509,8.25,Chemical,Loamy,28.07355785374267
10.0,0.0,38.0,25.42,30.86,52.22838709408734,7.199999999999999,Chemical,Loamy,12.738429551971876
11.0,0.0,40.0,38.2,35.58,59.01711441407884,7.649999999999999,Chemical,Loamy,15.65064443717366
25.0,0.0,22.0,52.95,30.78,52.18788461882713,7.05,Chemical,Silty,18.627149277299843
6.0,21.0,22.0,41.63,30.08,56.66367495407042,7.35,Chemical,Silty,17.18458526858089
15.0,3.0,40.0,66.67,31.69,87.743265432296,8.7,Chemical,Clay,25.941168215495132
26.0,0.0,23.0,39.98,34.33,54.02438036510185,7.35,Chemical,Loamy,18.353157102983978
12.0,0.0,35.0,43.38,29.51,60.16974725031898,7.05,Chemical,Silty,16.916698556334445
17.0,4.0,41.0,37.35,36.26,95.84061959515775,9.3,Chemical,Loamy,21.793635447245933
10.0,22.0,22.0,59.48,32.91,88.0149677994839,8.1,Chemical,Silty,31.29918409475011
12.0,2.0,41.0,40.76,30.17,89.09387828547418,8.25,Chemical,Silty,30.647999217585422
13.0,0.0,36.0,40.18,35.52,52.16091235622985,7.35,Chemical,Silty,15.624706473489164
15.0,4.0,38.0,54.46,30.5,90.97376997646957,8.549999999999999,Chemical,Silty,31.785858200743004
12.0,4.0,31.0,38.85,29.9,87.71880934312067,7.05,Chemical,Loamy,22.047940593764363
12.0,4.0,40.0,28.36,40.0,90.35354165855682,8.4,Chemical,Loamy,28.068414234177514
17.0,3.0,44.0,29.26,22.38,95.26022845695604,9.6,Chemical,Loamy,20.355360849752316
23.0,3.0,23.0,42.85,30.71,91.58915363583131,7.35,Chemical,Silty,21.56786223950485
13.0,0.0,39.0,31.0,33.0,62.81190567828966,7.8,Chemical,Loamy,13.303023492806744
13.0,0.0,39.0,32.25,33.48,51.48915962941314,7.8,Chemical,Loamy,12.895272420824842
7.0,11.0,29.0,29.53,37.03,54.4217345760407,7.05,Chemical,Loamy,14.705371865037169
13.0,1.0,37.0,38.86,36.78,62.38988320083105,7.649999999999999,Chemical,Loamy,16.522677833056036
10.0,4.0,38.0,38.94,28.59,93.13501881871088,7.8,Chemical,Loamy,20.054638693226845
12.0,4.0,39.0,28.6,27.12,92.5000072371186,8.25,Chemical,Loamy,22.639861587960844
23.0,0.0,24.0,45.56,26.66,54.898603031057036,7.05,Chemical,Silty,15.932870161462887
21.0,0.0,26.0,37.26,34.1,63.56280788322427,7.05,Chemical,Loamy,17.054438780923483
13.0,3.0,35.0,40.13,38.84,92.146952853869,7.649999999999999,Chemical,Silty,19.54199314413123
11.0,0.0,38.0,48.86,29.93,58.51868351825726,7.35,Chemical,Silty,19.28147692066073
13.0,0.0,36.0,21.18,31.81,59.96341555385309,7.35,Chemical,Loamy,14.991765922646437
12.0,8.0,30.0,66.18,31.47,93.03718941278954,7.5,Chemical,Clay,20.70764016599187
12.0,12.0,24.0,48.92,27.77,85.81255414803796,7.199999999999999,Chemical,Silty,28.385060213324966
17.0,0.0,36.0,62.03,37.68,59.22029852093534,7.949999999999999,Chemical,Clay,14.226131609640309
30.106750884751484,30.11208846493511,30.26448401296995,41.39,30.97,95.18787165478193,13.572498504398482,Chemical,Silty,31.825751555305754
30.106750884751484,30.11208846493511,30.26448401296995,41.39,30.97,95.84039032517568,13.572498504398482,Chemical,Silty,32.490830748093344
11.0,0.0,39.0,38.5,38.8,51.76005818894895,7.5,Chemical,Loamy,13.793524703542932
16.0,0.0,33.0,70.0,24.72,57.4770648704632,7.35,Chemical,Clay,16.184606132893972
21.0,2.0,26.0,47.05,25.88,89.11835009859861,7.35,Chemical,Silty,24.165079518962944
11.0,3.0,36.0,35.21,37.03,93.73680795402927,7.5,Chemical,Loamy,32.35939248185031
10.0,10.0,29.0,69.59,27.54,91.2127610433637,7.35,Chemical,Clay,27.626667629916565
13.0,0.0,44.0,53.03,33.84,51.53253325014307,8.549999999999999,Chemical,Silty,19.846317623817225
10.0,3.0,36.0,60.17,36.49,91.73432735306753,7.35,Chemical,Clay,31.447891188172623
17.0,0.0,38.0,34.05,21.47,53.10251183533101,8.25,Chemical,Loamy,14.394331614682727
24.0,0.0,24.0,46.77,24.29,64.75024529009745,7.199999999999999,Chemical,Silty,12.480984580384556
13.0,0.0,35.0,70.0,26.71,51.255927254604075,7.199999999999999,Chemical,Clay,12.839935822146197
1.0,23.0,25.0,35.82,30.6,61.88853823406497,7.35,Chemical,Loamy,17.52268973047139
25.0,4.0,23.0,43.1,29.0,90.97782649162188,7.8,Chemical,Silty,30.06982342662247
11.0,16.0,22.0,33.33,25.72,91.83447071925866,7.35,Chemical,Loamy,30.216433561955956
18.0,0.0,39.0,57.96,28.86,55.40158424900338,8.549999999999999,Chemical,Silty,13.102943437827236
19.0,0.0,33.0,26.2,30.23,59.24778584974414,7.8,Chemical,Loamy,18.0196091873132
14.0,0.0,36.0,35.09,31.15,55.338681496225284,7.5,Chemical,Loamy,15.980668222703873
25.0,0.0,27.0,48.73,30.32,63.568514797100875,7.8,Chemical,Silty,19.856208728186388
9.0,10.0,34.0,61.91,29.83,52.79825670743929,7.949999999999999,Chemical,Clay,13.389038479391594
10.0,7.0,31.0,65.81,29.57,93.0333296907815,7.199999999999999,Chemical,Clay,23.591914082486557
5.0,8.0,35.0,26.71,38.27,53.49365586244081,7.199999999999999,Chemical,Loamy,15.982690077148204
11.0,2.0,37.0,37.54,36.16,96.46628124317819,7.5,Chemical,Loamy,24.090337284298357
20.0,4.0,29.0,52.48,35.86,96.57740514156836,7.949999999999999,Chemical,Silty,31.998508173169284
13.0,3.0,37.0,32.62,32.61,97.07793287941912,7.949999999999999,Chemical,Loamy,24.650462293958892
16.0,0.0,41.0,32.96,35.64,64.36205028254757,8.549999999999999,Chemical,Loamy,16.64871125427881
15.0,2.0,38.0,37.01,31.05,97.51170642506649,8.25,Chemical,Loamy,21.29048076276165
12.0,0.0,44.0,22.19,30.89,50.50811842567356,8.4,Chemical,Loamy,18.896786328004843
26.0,1.0,23.0,37.0,27.87,58.57406140618963,7.5,Chemical,Loamy,14.336306891469219
17.0,3.0,41.0,30.81,26.91,96.57088262851676,9.15,Chemical,Loamy,26.788912835742266
10.0,2.0,40.0,41.01,27.32,95.82768282753896,7.8,Chemical,Silty,28.486448190724925
16.0,0.0,33.0,26.06,34.53,54.524256183908285,7.35,Chemical,Loamy,15.15604835052227
11.0,2.0,35.0,49.03,34.6,91.39806417450086,7.199999999999999,Chemical,Silty,27.7818243091107
7.0,9.0,35.0,35.72,36.86,54.870807599253965,7.649999999999999,Chemical,Loamy,13.461744152791695
14.0,0.0,35.0,60.83,37.04,59.81258923112372,7.35,Chemical,Clay,13.917603577504494
25.0,0.0,24.0,39.13,24.29,51.933154075559784,7.35,Chemical,Loamy,14.455771820460889
11.0,14.0,22.0,48.08,32.92,87.09904050217588,7.05,Chemical,Silty,26.190241166406516
14.0,0.0,40.0,51.75,36.51,51.60579262197419,8.1,Chemical,Silty,19.461210569294494
10.0,20.0,20.0,34.07,29.31,79.8249009995355,7.5,Chemical,Loamy,24.51646094639332
17.0,0.0,32.0,70.0,24.06,63.61349372370699,7.35,Chemical,Clay,16.704371707889315
7.0,13.0,30.0,20.0,26.37,58.741085078816745,7.5,Chemical,Loamy,17.090919083529354
12.0,4.0,35.0,33.43,29.28,95.77634483668106,7.649999999999999,Chemical,Loamy,25.83195572825682
10.0,8.0,29.0,52.35,28.27,85.25232451285474,7.05,Chemical,Silty,29.695515179041553
16.0,3.0,41.0,30.19,32.28,92.732993443338,9.0,Chemical,Loamy,29.90915640194288
12.0,0.0,42.0,31.24,27.87,62.598934383583604,8.1,Chemical,Loamy,18.116450442214237
14.0,0.0,36.0,58.47,26.35,51.06338355983629,7.5,Chemical,Silty,12.261616639125378
25.0,0.0,22.0,49.47,29.65,62.96582835319222,7.05,Chemical,Silty,13.239706440314023
44.0,0.0,4.0,36.07,33.94,52.75360468647384,7.199999999999999,Chemical,Loamy,17.370253361473516
12.0,13.0,31.0,67.15,34.43,95.54961889249131,8.4,Chemical,Clay,27.345311099890093
17.0,0.0,43.0,40.62,39.33,58.98108868098463,9.0,Chemical,Silty,16.236788414979866
14.0,0.0,37.0,35.76,34.92,56.76695451033077,7.649999999999999,Chemical,Loamy,18.64553822242695
25.0,4.0,23.0,41.0,26.24,93.36074019686927,7.8,Chemical,Silty,30.69461973887048
13.0,0.0,35.0,38.04,29.68,64.19289522748467,7.199999999999999,Chemical,Loamy,16.1194724339848
26.0,1.0,20.0,37.15,30.78,63.365760462379164,7.05,Chemical,Loamy,18.222838038436535
13.0,2.0,37.0,24.52,36.98,94.84038165436107,7.8,Chemical,Loamy,25.43175965222022
9.0,19.0,19.0,29.94,24.4,52.71417701097494,7.05,Chemical,Loamy,16.95433085200151
26.0,0.0,27.0,36.3,35.52,62.44115252952069,7.949999999999999,Chemical,Loamy,19.79693513229069
13.0,0.0,37.0,61.46,40.0,55.46006908608202,7.5,Chemical,Clay,12.609054061998291
46.0,3.0,0.0,24.31,30.45,53.53152183670643,7.35,Chemical,Loamy,13.75036815110803
10.0,0.0,42.0,27.14,26.1,58.19894119003692,7.8,Chemical,Loamy,19.94020402063107
16.0,1.0,43.0,22.3,27.59,50.71443300281706,9.0,Chemical,Loamy,17.623022825525243
13.0,10.0,31.0,28.59,32.98,94.77483436503861,8.1,Chemical,Loamy,31.12977597094118
14.0,0.0,36.0,41.53,40.0,63.04712073343708,7.5,Chemical,Silty,16.992380192334057
18.0,3.0,27.0,40.7,34.1,85.17629405100334,7.199999999999999,Chemical,Silty,22.905093137203142
14.0,1.0,34.0,62.12,27.58,60.67793279318559,7.35,Chemical,Clay,17.47324686654009
19.0,0.0,39.0,45.23,31.96,57.72674486120087,8.7,Chemical,Silty,12.026758964474181
18.0,4.0,40.0,61.5,36.61,85.09566085295496,9.3,Chemical,Clay,23.424752768925448
28.0,0.0,19.0,58.63,32.15,51.036921204534984,7.05,Chemical,Silty,19.300776104214975
17.0,0.0,37.0,40.65,31.12,52.11910494064429,8.1,Chemical,Silty,18.85676549192531
41.0,4.0,2.0,24.26,23.98,63.175072569064014,7.05,Chemical,Loamy,16.314511378099642
42.0,3.0,0.0,37.08,24.1,61.053664886936936,6.75,Hybrid,Loamy,13.429981563357183
25.0,0.0,15.0,36.61,27.1,61.937392418067404,6.0,Hybrid,Loamy,16.902938157721145
38.0,0.0,0.0,34.12,37.61,52.79720851057548,5.7,Hybrid,Loamy,16.876511795855002
36.0,2.0,1.0,28.74,33.86,62.05649066623387,5.85,Hybrid,Loamy,16.08364974817688
36.0,4.0,0.0,70.0,24.2,57.1786777766975,6.0,Hybrid,Clay,12.529101863978468
1.0,20.0,20.0,28.02,34.29,53.799844137469734,6.15,Hybrid,Loamy,13.031159577116217
7.0,11.0,17.0,32.72,26.56,50.27788618130677,5.25,Hybrid,Loamy,14.48970781036617
21.0,2.0,19.0,31.16,36.98,91.87480318808673,6.3,Hybrid,Loamy,20.95281654356471
5.0,15.0,18.0,42.38,31.09,57.87518636920922,5.7,Hybrid,Silty,14.543382226443505
42.0,0.0,0.0,57.71,27.39,59.40933784549186,6.3,Hybrid,Silty,16.46373874678666
34.0,2.0,2.0,33.2,35.04,59.01606832689974,5.7,Hybrid,Loamy,13.555269313437229
6.0,0.0,33.0,30.22,35.64,57.34445890448691,5.85,Hybrid,Loamy,12.361414680379168
19.0,0.0,26.0,52.93,26.97,52.89650351406522,6.75,Hybrid,Silty,17.83695925351979
2.0,20.0,12.0,30.62,23.82,54.033560089414664,5.1,Hybrid,Loamy,12.708693066240976
12.0,0.0,30.0,60.08,25.17,55.96045120138996,6.3,Hybrid,Clay,13.709996535361547
38.0,0.0,0.0,56.12,36.29,61.380979151484546,5.7,Hybrid,Silty,19.606736982411633
14.0,17.0,8.0,50.32,31.12,54.74354704148699,5.85,Hybrid,Silty,16.479365096096327
6.0,13.0,26.0,56.75,29.45,60.34305348983406,6.75,Hybrid,Silty,17.201964601698883
12.0,2.0,27.0,26.39,30.85,90.7628861663153,6.15,Hybrid,Loamy,29.202368888248206
43.0,0.0,0.0,42.18,30.36,59.19956799811378,6.45,Hybrid,Silty,17.593466678224512
34.0,0.0,2.0,59.18,31.51,54.2784321825389,5.4,Hybrid,Silty,12.759287154827533
7.0,6.0,32.0,64.26,31.73,53.90871239724389,6.75,Hybrid,Clay,14.201770482393961
11.0,16.0,16.0,63.54,20.55,70.39116098306967,6.45,Hybrid,Clay,26.85570487034501
40.0,0.0,3.0,59.07,39.5,64.6960149236586,6.45,Hybrid,Silty,14.072402174717718
20.0,1.0,19.0,40.21,25.81,58.386672855983406,6.0,Hybrid,Silty,16.64282013081965
12.0,13.0,16.0,54.36,32.92,70.85675988392555,6.15,Hybrid,Silty,20.200118335870904
23.0,3.0,13.0,39.11,27.82,85.64601087934653,5.85,Hybrid,Loamy,28.003923998533033
39.0,2.0,3.0,34.53,25.46,57.162423171070536,6.6,Hybrid,Loamy,18.08058478553206
20.0,0.0,21.0,49.11,23.28,50.43896230871992,6.15,Hybrid,Silty,19.06610823912818
39.0,0.0,0.0,66.66,23.46,59.342719166912026,5.85,Hybrid,Clay,16.888307863649032
9.0,0.0,36.0,54.84,31.49,55.08679279751719,6.75,Hybrid,Silty,12.904545039155437
22.0,0.0,23.0,38.43,30.38,63.000961563735096,6.75,Hybrid,Loamy,13.55288997487175
5.0,5.0,26.0,70.0,27.17,59.97342510129506,5.4,Hybrid,Clay,13.813359050530494
24.0,0.0,22.0,49.48,32.28,50.824279208290974,6.9,Hybrid,Silty,18.017876320659788
9.0,13.0,17.0,46.01,31.46,53.04415265761643,5.85,Hybrid,Silty,17.650830790948373
38.0,3.0,2.0,70.0,29.84,64.11097705947225,6.45,Hybrid,Clay,13.648317782652953
9.0,4.0,32.0,31.4,33.19,62.76002029719652,6.75,Hybrid,Loamy,16.090643913272515
4.0,11.0,29.0,49.42,40.0,60.757083672107356,6.6,Hybrid,Silty,18.78026841818966
14.0,10.0,16.0,53.57,37.39,75.66093214497874,6.0,Hybrid,Silty,27.215027405399265
7.0,8.0,25.0,63.18,37.44,52.30259563090862,6.0,Hybrid,Clay,12.454035102596631
41.0,0.0,2.0,70.0,32.59,50.3636056558278,6.45,Hybrid,Clay,16.015206135028496
19.0,0.0,24.0,35.6,26.73,60.26064170773199,6.45,Hybrid,Loamy,19.921131432821138
24.0,3.0,19.0,50.85,27.52,93.38503199613976,6.9,Hybrid,Silty,31.21196122668534
8.0,15.0,11.0,38.02,33.45,57.48183065144248,5.1,Hybrid,Loamy,18.18270887216674
40.0,1.0,2.0,35.68,25.86,61.14205395673532,6.45,Hybrid,Loamy,18.92821058850357
20.0,0.0,18.0,46.16,29.77,53.96035590199515,5.7,Hybrid,Silty,13.117541121712328
12.0,2.0,31.0,32.64,36.92,91.08583817450943,6.75,Hybrid,Loamy,25.837320777052078
37.0,0.0,1.0,55.29,38.52,64.39118979926522,5.7,Hybrid,Silty,16.482212130849042
35.0,0.0,0.0,30.78,31.49,62.37855979729436,5.25,Hybrid,Loamy,19.35806426918181
8.0,7.0,29.0,66.23,31.38,55.942290550801715,6.6,Hybrid,Clay,12.44971282820438
26.0,0.0,17.0,38.23,35.73,61.13677759458065,6.45,Hybrid,Loamy,14.01803061465912
8.0,22.0,16.0,47.67,35.53,56.79831283006555,6.9,Hybrid,Silty,17.043725677121838
23.0,0.0,18.0,50.32,36.75,63.981051720898066,6.15,Hybrid,Silty,17.31676446175195
5.0,19.0,19.0,41.09,35.01,50.412329974931716,6.45,Hybrid,Silty,19.994751181948715
4.0,12.0,28.0,34.63,34.62,52.40310645199608,6.6,Hybrid,Loamy,15.380083181939932
19.0,0.0,22.0,47.2,28.99,51.6203822947735,6.15,Hybrid,Silty,16.773786825349173
7.0,6.0,30.0,54.3,26.0,56.75299873806867,6.45,Hybrid,Silty,19.480300561835943
18.0,0.0,22.0,24.95,33.34,50.440261403682584,6.0,Hybrid,Loamy,13.98405796923544
10.0,18.0,11.0,28.55,27.14,78.91218282992162,5.85,Hybrid,Loamy,23.842099093661982
42.0,0.0,0.0,57.2,38.77,63.86356668537348,6.3,Hybrid,Silty,16.1846637142162
9.0,10.0,19.0,46.64,27.57,63.815746817298965,5.7,Hybrid,Silty,15.094324344146935
11.0,0.0,32.0,51.85,26.59,54.72299236155529,6.45,Hybrid,Silty,18.993288892562664
32.0,1.0,4.0,45.6,22.56,53.15341786933176,5.55,Hybrid,Silty,17.459388314166336
12.0,0.0,32.0,61.27,29.04,59.434083213514214,6.6,Hybrid,Clay,17.731887777696368
9.0,8.0,19.0,65.13,34.81,54.113567855472596,5.4,Hybrid,Clay,16.834036511789186
10.0,0.0,32.0,43.06,35.62,56.227888001509506,6.3,Hybrid,Silty,16.685830496602446
37.0,0.0,0.0,39.25,27.52,52.29440885222633,5.55,Hybrid,Loamy,19.320843774938812
21.0,0.0,19.0,29.29,36.93,53.47420177713768,6.0,Hybrid,Loamy,14.554161754143108
38.0,1.0,4.0,42.69,32.97,58.58285419162486,6.45,Hybrid,Silty,14.502154415921726
35.0,0.0,3.0,25.99,34.39,60.05776743876006,5.7,Hybrid,Loamy,18.109942841576174
34.0,0.0,1.0,49.08,32.8,63.535895950618134,5.25,Hybrid,Silty,16.098346740891277
19.0,0.0,24.0,24.75,32.65,61.14943025444717,6.45,Hybrid,Loamy,18.59519794489566
24.0,0.0,22.0,40.35,22.79,64.5879865036238,6.9,Hybrid,Silty,18.706661767790127
5.0,4.0,34.0,33.25,31.84,53.84485009040242,6.45,Hybrid,Loamy,17.961251529512154
11.0,14.0,10.0,58.56,27.58,70.63456731469738,5.25,Hybrid,Silty,23.760333336734465
18.0,4.0,15.0,36.22,25.38,76.5657312563904,5.55,Hybrid,Loamy,23.579833701915582
25.0,0.0,18.0,45.44,29.88,55.024959621449284,6.45,Hybrid,Silty,15.575144880138845
14.0,11.0,18.0,60.71,26.68,74.91222388961826,6.45,Hybrid,Clay,22.108389676180984
11.0,4.0,26.0,51.76,39.52,85.82066819301724,6.15,Hybrid,Silty,24.00512819360351
33.0,3.0,0.0,37.49,23.12,54.61151200297945,5.4,Hybrid,Loamy,15.256318701374273
36.0,0.0,1.0,44.25,37.18,61.81155449046651,5.55,Hybrid,Silty,16.42257249602424
36.0,0.0,0.0,43.98,32.02,61.15249363674958,5.4,Hybrid,Silty,16.16689814288058
21.0,0.0,19.0,38.87,27.57,64.00907706761214,6.0,Hybrid,Loamy,17.039090626438007
37.0,0.0,0.0,39.39,31.64,56.0771922237597,5.55,Hybrid,Loamy,18.123202634738004
18.0,0.0,18.0,49.11,26.15,62.12596242173543,5.4,Hybrid,Silty,12.743992262603417
38.0,0.0,2.0,70.0,26.24,61.759646207310674,6.0,Hybrid,Clay,18.769696886439778
45.0,1.0,0.0,27.28,24.61,51.4887654451956,6.9,Hybrid,Loamy,19.049193993366213
19.0,2.0,18.0,32.53,30.09,73.27860204079107,5.85,Hybrid,Loamy,25.6540895156402
6.0,4.0,32.0,55.87,33.73,54.103505312502506,6.3,Hybrid,Silty,17.83096290448667
37.0,3.0,0.0,45.6,36.68,61.54756715142533,6.0,Hybrid,Silty,17.842309244258782
10.0,15.0,17.0,46.38,31.41,71.82069302843783,6.3,Hybrid,Silty,25.493625547553446
20.0,0.0,17.0,45.42,33.21,57.818533869516784,5.55,Hybrid,Silty,12.442012575668526
24.0,1.0,21.0,36.23,30.44,54.633042623072555,6.9,Hybrid,Loamy,19.758206168733736
21.0,0.0,21.0,46.69,24.62,61.6790437999249,6.3,Hybrid,Silty,16.3010631764101
7.0,11.0,18.0,64.54,34.34,59.971698944521876,5.4,Hybrid,Clay,12.2613817435335
8.0,14.0,18.0,38.56,29.06,53.71746448502223,6.0,Hybrid,Loamy,14.443341970765923
26.0,0.0,16.0,54.29,32.53,53.56322538033933,6.3,Hybrid,Silty,14.024392073435923
12.0,3.0,24.0,44.38,38.04,87.90977722189942,5.85,Hybrid,Silty,26.768184992793937
21.0,3.0,18.0,31.79,22.54,88.14817876552326,6.3,Hybrid,Loamy,20.794833025062058
6.0,17.0,20.0,46.99,36.47,61.26657421013547,6.45,Hybrid,Silty,12.187137549036008
20.0,0.0,23.0,30.6,31.51,54.94048686140685,6.45,Hybrid,Loamy,15.87905544759139
30.0,0.0,4.0,38.01,23.0,53.229144362846135,5.1,Hybrid,Loamy,19.040505381155487
23.0,2.0,18.0,30.58,29.53,95.95602482464257,6.45,Hybrid,Loamy,29.517852396542956
6.0,11.0,23.0,43.54,39.08,56.89328409019001,6.0,Hybrid,Silty,13.863565539017257
37.0,0.0,4.0,38.28,25.12,62.64711788714664,6.15,Hybrid,Loamy,19.248227138413494
20.0,0.0,21.0,32.46,27.75,63.320399756580215,6.15,Hybrid,Loamy,19.706123087998883
38.0,1.0,0.0,33.62,29.8,60.77116010245348,5.85,Hybrid,Loamy,16.406675206677477
39.0,0.0,2.0,47.14,29.86,53.49959598868549,6.15,Hybrid,Silty,14.700288364592154
8.0,14.0,13.0,47.36,26.25,57.04110115093441,5.25,Hybrid,Silty,17.433028217026575
39.0,0.0,0.0,32.25,39.55,64.34198503424294,5.85,Hybrid,Loamy,19.763276966197566
21.0,0.0,25.0,49.57,27.37,61.9433757906122,6.9,Hybrid,Silty,12.74554163548499
37.0,0.0,2.0,26.84,32.18,63.59613818206654,5.85,Hybrid,Loamy,17.408011380650496
3.0,4.0,27.0,32.42,28.61,62.359454409545265,5.1,Hybrid,Loamy,14.830039041569567
39.0,0.0,0.0,65.07,31.99,55.209256581033614,5.85,Hybrid,Clay,14.331723435762264
33.0,0.0,1.0,41.7,28.99,64.80236934538537,5.1,Hybrid,Silty,14.230110171508706
38.0,3.0,0.0,32.44,38.64,54.085072552360565,6.15,Hybrid,Loamy,19.715496193134328
11.0,17.0,10.0,49.37,31.01,76.38360659546206,5.7,Hybrid,Silty,26.428547731285626
7.0,8.0,30.0,54.89,40.0,54.03898690986055,6.75,Hybrid,Silty,14.964043458221472
33.0,2.0,1.0,42.44,25.11,59.035312471163635,5.4,Hybrid,Silty,18.239061261727272
23.0,0.0,19.0,42.92,29.75,64.10450665514539,6.3,Hybrid,Silty,12.156743675362073
38.0,0.0,0.0,39.21,29.62,50.36381316308871,5.7,Hybrid,Loamy,16.161977311580404
34.0,0.0,0.0,67.62,24.49,52.44757869694078,5.1,Hybrid,Clay,16.888824158295485
12.0,0.0,32.0,70.0,29.86,64.43163327538095,6.6,Hybrid,Clay,14.275859142238657
38.0,0.0,0.0,44.74,31.87,59.68078817259595,5.7,Hybrid,Silty,13.72030732149323
9.0,11.0,17.0,40.46,33.83,60.992875717050225,5.55,Hybrid,Silty,13.15328157055505
24.0,2.0,19.0,46.16,32.71,92.13037347302124,6.75,Hybrid,Silty,20.092998053293037
9.0,4.0,28.0,29.51,36.18,64.21244405752,6.15,Hybrid,Loamy,14.587476713615146
9.0,0.0,37.0,56.32,32.58,58.37808774322482,6.9,Hybrid,Silty,13.616449731650318
39.0,3.0,0.0,39.53,37.03,51.6447471601527,6.3,Hybrid,Loamy,18.394800420049176
26.0,0.0,18.0,42.26,34.33,60.11108536433693,6.6,Hybrid,Silty,12.877243682097953
16.0,0.0,19.0,41.73,27.02,54.05310101087473,5.25,Hybrid,Silty,13.492223598340074
44.0,0.0,1.0,32.23,31.61,61.58542274273302,6.75,Hybrid,Loamy,16.595447909954938
22.0,4.0,16.0,30.08,36.05,95.68594849757939,6.3,Hybrid,Loamy,32.316502893463536
14.0,10.0,13.0,50.02,21.56,70.51529021142571,5.55,Hybrid,Silty,22.967387537906795
13.0,17.0,12.0,56.79,24.52,76.39055303581651,6.3,Hybrid,Silty,17.907569571491067
8.0,3.0,35.0,20.0,29.99,63.14115579594475,6.9,Hybrid,Loamy,12.052824580770913
18.0,0.0,21.0,45.3,20.3,53.0442795727937,5.85,Hybrid,Silty,17.28818506876981
9.0,17.0,17.0,21.4,30.94,56.99849731227617,6.45,Hybrid,Loamy,13.207581122894801
14.0,4.0,27.0,43.66,26.97,88.66835755316671,6.75,Hybrid,Silty,30.786298235204065
6.0,16.0,17.0,33.86,29.21,50.198930471480615,5.85,Hybrid,Loamy,12.415504531558382
36.0,2.0,0.0,35.37,31.07,56.46202497779296,5.7,Hybrid,Loamy,17.64312490961524
3.0,4.0,34.0,20.0,28.75,51.10295483876312,6.15,Hybrid,Loamy,16.098912393813332
7.0,14.0,14.0,70.0,32.55,59.613208210656104,5.25,Hybrid,Clay,19.733862589698777
4.0,21.0,16.0,52.01,26.22,57.85179861682418,6.15,Hybrid,Silty,18.4456902617349
23.0,0.0,16.0,46.52,32.49,53.03758590665316,5.85,Hybrid,Silty,16.42041037604838
11.0,16.0,17.0,58.35,40.0,74.39723192251475,6.6,Hybrid,Silty,21.379298048331826
39.0,0.0,0.0,29.68,27.94,57.993271401693555,5.85,Hybrid,Loamy,18.4444076873737
42.0,3.0,0.0,43.98,32.94,56.291056025191004,6.75,Hybrid,Silty,19.80853761867135
5.0,6.0,30.0,50.53,30.3,60.47201878667351,6.15,Hybrid,Silty,17.423211981210613
23.0,0.0,21.0,56.66,29.43,63.38467034285406,6.6,Hybrid,Silty,14.247774149109711
42.0,1.0,3.0,38.25,28.47,60.76944036458903,6.9,Hybrid,Loamy,17.31182136832961
8.0,18.0,11.0,34.48,28.26,64.59390915167872,5.55,Hybrid,Loamy,14.2799337431928
16.0,12.0,15.0,35.19,20.91,79.13223219321016,6.45,Hybrid,Loamy,19.733372462805992
34.0,1.0,4.0,35.03,24.76,54.44748285759408,5.85,Hybrid,Loamy,18.814898332927193
12.0,3.0,26.0,33.7,24.71,85.992584782719,6.15,Hybrid,Loamy,19.53371683851113
11.0,13.0,15.0,35.75,26.01,78.51057805194728,5.85,Hybrid,Loamy,24.445710929287525
6.0,5.0,27.0,44.12,38.16,51.84416169343324,5.7,Hybrid,Silty,12.350481964379798
12.0,13.0,16.0,30.32,22.08,72.09370213895566,6.15,Hybrid,Loamy,27.3334803426794
39.0,0.0,0.0,37.81,25.99,52.26084385480562,5.85,Hybrid,Loamy,16.905461771595682
16.0,13.0,16.0,54.13,35.85,78.48946000859088,6.75,Hybrid,Silty,19.95234082176086
37.0,0.0,2.0,45.77,35.21,59.578180733128164,5.85,Hybrid,Silty,19.412296010720993
42.0,0.0,0.0,52.23,38.18,63.22518049837512,6.3,Hybrid,Silty,19.354739764313923
17.0,1.0,24.0,36.18,25.76,57.79425138651452,6.3,Hybrid,Loamy,19.430851859443273
6.0,0.0,36.0,44.43,36.2,51.33275074187913,6.3,Hybrid,Silty,14.712350648702662
9.0,11.0,14.0,38.85,24.42,56.67717980763346,5.1,Hybrid,Loamy,16.335023586575797
6.0,21.0,14.0,51.42,26.97,60.81254762215041,6.15,Hybrid,Silty,14.8457680448065
6.0,19.0,16.0,40.0,25.0,61.01912027334154,6.15,Hybrid,Silty,14.956661344662505
43.0,0.0,0.0,36.75,22.95,58.10903390183613,6.45,Hybrid,Loamy,17.588457180387856
11.0,11.0,14.0,58.6,33.45,72.70807454174597,5.4,Hybrid,Silty,23.13476134411452
11.0,12.0,15.0,63.0,31.0,78.00185677565824,5.7,Hybrid,Clay,23.00819192774526
3.0,3.0,30.0,57.07,30.64,58.812573628542026,5.4,Hybrid,Silty,12.351110557949827
36.0,0.0,0.0,28.38,28.51,54.11258967835745,5.4,Hybrid,Loamy,15.466009636519502
37.0,0.0,0.0,41.29,30.07,57.9177222405764,5.55,Hybrid,Silty,15.381782199226762
17.0,3.0,23.0,32.19,29.43,89.8923076310735,6.45,Hybrid,Loamy,29.21506105832899
36.0,0.0,0.0,63.27,24.63,59.11766191385587,5.4,Hybrid,Clay,13.450934995967089
40.0,0.0,4.0,49.43,28.04,54.35260712541379,6.6,Hybrid,Silty,13.39567868603389
4.0,18.0,22.0,31.01,24.63,55.08213984328726,6.6,Hybrid,Loamy,12.542377562359045
35.0,0.0,2.0,35.94,34.19,53.57219960791522,5.55,Hybrid,Loamy,16.615963602238363
36.0,2.0,0.0,36.82,28.32,56.21815203049273,5.7,Hybrid,Loamy,16.832593693406288
20.0,0.0,23.0,49.75,31.22,50.50384953108071,6.45,Hybrid,Silty,18.294141563537277
9.0,0.0,36.0,20.0,24.76,52.43342885793897,6.75,Hybrid,Loamy,18.61561137928549
44.0,0.0,0.0,42.28,22.28,62.62370605537926,6.6,Hybrid,Silty,19.14154048351504
7.0,16.0,20.0,36.0,26.0,62.38103032735289,6.45,Hybrid,Loamy,13.721338436698497
44.0,0.0,2.0,35.51,27.16,59.54346358820388,6.9,Hybrid,Loamy,16.163718781751346
32.0,0.0,2.0,56.58,20.54,54.45754811631626,5.1,Hybrid,Silty,18.08991746909642
2.0,14.0,20.0,32.44,27.46,62.150657123511905,5.4,Hybrid,Loamy,12.034325082322873
5.0,9.0,31.0,69.38,27.69,59.211419692750525,6.75,Hybrid,Clay,12.342548751541639
6.0,0.0,36.0,34.34,39.7,51.96520943202299,6.3,Hybrid,Loamy,13.873280452781476
37.0,1.0,0.0,38.65,32.69,61.076737627272244,5.7,Hybrid,Loamy,12.392812700242743
37.0,0.0,0.0,22.33,29.26,57.4633507010885,5.55,Hybrid,Loamy,13.131767608306419
4.0,10.0,29.0,60.12,35.01,50.09958236111304,6.45,Hybrid,Clay,18.344749841319455
40.0,3.0,0.0,25.12,29.68,59.40893337137889,6.45,Hybrid,Loamy,19.901012182005104
30.0,4.0,3.0,23.05,24.69,62.61434441605853,5.55,Hybrid,Loamy,18.93246733735794
42.0,0.0,2.0,37.34,25.08,55.339596095114814,6.6,Hybrid,Loamy,16.831109760629854
23.0,0.0,21.0,37.33,35.11,54.44587685986552,6.6,Hybrid,Loamy,16.747137989857105
36.0,0.0,0.0,64.94,31.66,64.65862778419395,5.4,Hybrid,Clay,19.504064606055724
20.0,1.0,23.0,48.58,30.96,55.22998412863666,6.6,Hybrid,Silty,12.99791465407054
15.0,14.0,11.0,26.0,25.0,71.62649637227383,6.0,Hybrid,Loamy,26.346730994318044
18.0,1.0,19.0,37.75,28.74,54.50102848316425,5.7,Hybrid,Loamy,14.319539414680108
10.0,4.0,32.0,29.91,32.17,89.6464122123291,6.9,Hybrid,Loamy,19.53631090433868
20.0,0.0,18.0,45.61,33.41,63.62845815031226,5.7,Hybrid,Silty,15.53573610632725
38.0,2.0,1.0,33.38,29.66,64.77822866885224,6.15,Hybrid,Loamy,12.388524236116693
40.0,1.0,4.0,43.39,23.59,61.40538244907778,6.75,Hybrid,Silty,14.983932794809363
38.0,0.0,0.0,30.81,24.58,54.203862591069345,5.7,Hybrid,Loamy,17.194126414445247
40.0,0.0,0.0,32.35,32.0,51.00029383495535,6.0,Hybrid,Loamy,13.743791725424627
34.0,2.0,3.0,33.78,30.89,53.183723523613615,5.85,Hybrid,Loamy,18.293539673387258
39.0,0.0,2.0,30.08,36.37,62.29498053028454,6.15,Hybrid,Loamy,12.95254559139657
34.0,3.0,0.0,41.47,29.99,56.981722238489,5.55,Hybrid,Silty,16.197716348421952
35.0,4.0,4.0,58.58,32.45,63.877494437734626,6.45,Hybrid,Silty,14.241764590385252
38.0,0.0,0.0,46.52,27.92,51.467096829241754,5.7,Hybrid,Silty,15.689992992815977
23.0,3.0,19.0,48.66,34.18,87.26530202858864,6.75,Hybrid,Silty,28.3492392385275
20.0,0.0,22.0,41.61,25.63,58.789821470329414,6.3,Hybrid,Silty,16.26322720782065
7.0,16.0,16.0,60.88,32.94,58.148124709637344,5.85,Hybrid,Clay,15.96713599419828
11.0,6.0,19.0,51.02,28.69,73.44420383192501,5.4,Hybrid,Silty,19.63083773067938
37.0,0.0,1.0,40.89,35.56,53.89011982252434,5.7,Hybrid,Silty,16.58664090510121
19.0,0.0,19.0,37.37,28.62,64.5987169981795,5.7,Hybrid,Loamy,19.279139753491524
10.0,6.0,27.0,43.94,37.45,90.32741140974979,6.45,Hybrid,Silty,19.59470983955974
2.0,8.0,27.0,70.0,30.71,63.4527382863073,5.55,Hybrid,Clay,12.738485685594195
13.0,12.0,14.0,20.75,29.21,74.6130061384099,5.85,Hybrid,Loamy,19.151380107268785
11.0,3.0,28.0,35.87,33.32,97.01344814172764,6.3,Hybrid,Loamy,24.698694256799797
16.0,0.0,30.0,52.99,27.77,55.726953758407355,6.9,Hybrid,Silty,16.020437345026824
35.0,1.0,0.0,54.19,40.0,61.560456651770934,5.4,Hybrid,Silty,14.103807623432084
17.0,0.0,20.0,31.72,27.51,59.89964642125648,5.55,Hybrid,Loamy,19.44984562179593
42.0,0.0,0.0,59.88,36.95,54.262765755763176,6.3,Hybrid,Silty,18.881471411126377
6.0,12.0,23.0,45.22,22.71,60.247823568637486,6.15,Hybrid,Silty,18.362153987577376
37.0,0.0,4.0,36.46,25.47,61.24125643363039,6.15,Hybrid,Loamy,15.011107307499811
6.0,9.0,27.0,66.52,32.92,51.62159133232175,6.3,Hybrid,Clay,18.632029274119134
13.0,11.0,12.0,43.69,37.83,73.41352039591354,5.4,Hybrid,Silty,27.170973176021864
1.0,17.0,16.0,51.42,36.37,50.49652013683191,5.1,Hybrid,Silty,14.886024872005624
34.0,2.0,3.0,54.12,37.6,60.98288033380187,5.85,Hybrid,Silty,14.46987586490484
21.0,0.0,18.0,33.6,29.25,54.52452128488665,5.85,Hybrid,Loamy,15.128531460840856
33.0,4.0,3.0,38.3,32.84,55.042174589862945,6.0,Hybrid,Loamy,18.84392689176164
35.0,0.0,0.0,46.14,30.72,58.204150559830936,5.25,Hybrid,Silty,13.493149192385289
21.0,0.0,23.0,45.72,30.43,60.19905020765065,6.6,Hybrid,Silty,19.3439413559704
42.0,3.0,0.0,56.82,38.87,62.09495711983761,6.75,Hybrid,Silty,12.29839376355172
12.0,2.0,28.0,36.49,30.1,91.77169506231353,6.3,Hybrid,Loamy,27.6486414648984
23.0,1.0,21.0,45.46,26.63,62.871949191383216,6.75,Hybrid,Silty,14.578210662486981
5.0,4.0,27.0,42.15,34.58,52.306450624964036,5.4,Hybrid,Silty,18.60666911112647
25.0,1.0,19.0,24.71,31.97,60.98191036525226,6.75,Hybrid,Loamy,15.742801787883014
36.0,0.0,0.0,43.93,32.36,57.52878163120871,5.4,Hybrid,Silty,12.718671853154364
9.0,0.0,34.0,66.05,31.91,52.89444476574589,6.45,Hybrid,Clay,14.541054352657296
6.0,0.0,40.0,55.42,25.28,60.33643047285773,6.9,Hybrid,Silty,18.446418787690096
23.0,0.0,17.0,36.53,26.77,59.266492191219136,6.0,Hybrid,Loamy,16.67008754739518
6.0,4.0,30.0,43.9,40.0,50.70124843858146,6.0,Hybrid,Silty,18.19589483240784
20.0,3.0,19.0,37.02,33.49,70.11438889521672,6.3,Hybrid,Loamy,21.956064171325107
42.0,0.0,0.0,46.52,34.31,61.362272634414026,6.3,Hybrid,Silty,15.205561985675747
9.0,4.0,33.0,37.1,29.07,55.25004040625799,6.9,Hybrid,Loamy,16.848092955377705
10.0,14.0,21.0,51.1,33.95,95.27969724153769,6.75,Hybrid,Silty,30.895415986856637
43.0,2.0,0.0,44.57,35.86,63.30799000533132,6.75,Hybrid,Silty,17.003355639045235
11.0,9.0,18.0,53.78,30.43,78.2006218866313,5.7,Hybrid,Silty,27.01710304653572
19.0,1.0,20.0,32.53,36.12,58.98832948422357,6.0,Hybrid,Loamy,13.600765964748938
40.0,2.0,0.0,52.2,36.39,51.827275098538145,6.3,Hybrid,Silty,18.669998438033755
26.0,0.0,19.0,56.62,32.58,64.67012694252486,6.75,Hybrid,Silty,14.922438275119763
21.0,0.0,20.0,39.2,35.81,50.32856678098811,6.15,Hybrid,Loamy,19.58066874396013
17.0,0.0,20.0,29.64,29.73,53.520234259697155,5.55,Hybrid,Loamy,14.615204919212605
18.0,2.0,19.0,48.02,28.45,79.82933495472808,5.85,Hybrid,Silty,20.44468785802742
37.0,0.0,1.0,41.72,34.21,63.26918791766781,5.7,Hybrid,Silty,12.81020720200414
21.0,0.0,23.0,49.64,27.09,51.79881937825941,6.6,Hybrid,Silty,19.911210314662807
37.0,0.0,2.0,49.49,28.76,64.11454449425501,5.85,Hybrid,Silty,19.208856591535977
33.0,0.0,1.0,26.9,28.95,56.052084049602655,5.1,Hybrid,Loamy,16.95052370617122
18.0,0.0,20.0,31.06,35.14,59.15749169122908,5.7,Hybrid,Loamy,14.121889336914814
19.0,0.0,26.0,48.96,30.74,63.48241177191434,6.75,Hybrid,Silty,15.178533800645022
36.0,4.0,0.0,36.1,36.56,57.13269909329344,6.0,Hybrid,Loamy,16.676908050185983
35.0,3.0,4.0,64.7,29.26,59.262973940955504,6.3,Hybrid,Clay,16.51425752067243
43.0,0.0,0.0,39.51,31.12,52.18114828806814,6.45,Hybrid,Loamy,17.58389373167686
39.0,1.0,0.0,58.09,25.79,50.08198231570991,6.0,Hybrid,Silty,12.67967418626413
10.0,8.0,26.0,62.57,31.04,97.01237478913703,6.6,Hybrid,Clay,26.99991222320849
7.0,9.0,30.0,38.0,36.0,54.43580998858486,6.9,Hybrid,Loamy,17.12614777246767
23.0,0.0,23.0,54.47,38.11,51.89922325068557,6.9,Hybrid,Silty,17.79310503682797
19.0,1.0,14.0,36.55,25.7,57.96496481657474,5.1,Hybrid,Loamy,17.105128764992255
20.0,0.0,19.0,54.33,32.23,53.58180872433769,5.85,Hybrid,Silty,16.3660180209539
4.0,10.0,27.0,55.18,37.5,62.25747527347571,6.15,Hybrid,Silty,19.513405799165447
9.0,7.0,28.0,50.06,33.03,63.37340120574908,6.6,Hybrid,Silty,15.117616840094776
38.0,0.0,0.0,34.0,33.0,50.06852257425962,5.7,Hybrid,Loamy,16.245124586894928
20.0,2.0,22.0,44.93,24.15,87.26378111521194,6.6,Hybrid,Silty,25.95850516952876
5.0,15.0,15.0,26.6,30.17,57.41948385066179,5.25,Hybrid,Loamy,14.76595163656877
36.0,4.0,0.0,63.49,26.97,58.58874285806178,6.0,Hybrid,Clay,19.108778258784874
8.0,11.0,18.0,36.01,28.97,54.20101265117196,5.55,Hybrid,Loamy,16.27194667158348
37.0,0.0,2.0,52.72,30.29,64.3723993810359,5.85,Hybrid,Silty,18.841386920285895
37.0,3.0,0.0,20.78,28.01,56.902179517178524,6.0,Hybrid,Loamy,18.043887639114455
37.0,0.0,0.0,26.03,23.17,50.85456644234303,5.55,Hybrid,Loamy,17.28656550610153
11.0,0.0,33.0,45.37,32.5,50.65538516734378,6.6,Hybrid,Silty,12.95354787686727
7.0,12.0,17.0,36.99,29.4,57.501831066564456,5.4,Hybrid,Loamy,19.84796388842387
41.0,0.0,0.0,38.7,30.46,56.119193486411326,6.15,Hybrid,Loamy,16.37847698226221
35.0,3.0,3.0,22.18,27.33,63.05789294325328,6.15,Hybrid,Loamy,16.165904530984495
40.0,3.0,0.0,40.7,25.71,53.37312573692752,6.45,Hybrid,Silty,19.40854089218036
42.0,0.0,0.0,65.01,24.25,55.94657110816562,6.3,Hybrid,Clay,16.946882196768282
3.0,7.0,33.0,70.0,31.75,58.39877510918807,6.45,Hybrid,Clay,15.584227706906347
17.0,12.0,11.0,56.41,29.25,77.21935202507194,6.0,Hybrid,Silty,17.590802785800957
18.0,4.0,22.0,33.78,35.56,95.26228075481215,6.6,Hybrid,Loamy,25.713405311474784
40.0,3.0,1.0,22.87,33.17,60.253895469021266,6.6,Hybrid,Loamy,15.477166005918543
22.0,0.0,19.0,29.17,29.78,62.41586855309965,6.15,Hybrid,Loamy,15.756353383721432
19.0,1.0,25.0,52.74,29.94,60.384921862850504,6.75,Hybrid,Silty,16.490278914848286
25.0,1.0,19.0,38.08,34.36,56.289763422560384,6.75,Hybrid,Loamy,19.045188613848985
5.0,0.0,9.0,64.83,25.22,53.56206913358292,2.1,Organic,Clay,19.359900964353187
13.0,0.0,4.0,35.06,23.9,54.67709965235712,2.55,Organic,Loamy,12.1958936740629
32.0,0.0,1.0,39.27,24.38,55.71766856006467,4.95,Organic,Loamy,16.18348020018451
9.0,8.0,16.0,41.74,29.7,61.03491493356108,4.95,Organic,Silty,19.230871996608986
10.0,0.0,14.0,37.41,25.92,64.62361906722312,3.6,Organic,Loamy,14.064788105661671
13.0,0.0,18.0,54.17,28.63,50.3043576730529,4.65,Organic,Silty,12.62900462225878
16.0,3.0,11.0,57.12,32.27,70.48426927220126,4.5,Organic,Silty,21.39734673225883
6.0,0.0,7.0,68.32,26.29,52.20780821446779,1.95,Organic,Clay,13.378293277932764
9.0,0.0,17.0,31.41,27.2,52.50615783353597,3.9,Organic,Loamy,12.329839446281845
13.0,6.0,11.0,43.21,30.26,77.29426215703471,4.5,Organic,Silty,18.198505576383035
8.0,3.0,16.0,43.97,25.53,52.96288785749485,4.05,Organic,Silty,13.837641646235864
5.0,0.0,17.0,55.1,27.88,52.53192143426314,3.3,Organic,Silty,13.287556899987933
17.0,1.0,13.0,36.97,35.89,50.6684882289006,4.65,Organic,Loamy,15.560619341801956
14.0,1.0,16.0,37.74,28.76,55.68837695767417,4.65,Organic,Loamy,12.659170493095608
13.0,10.0,10.0,63.99,31.91,75.81839394072098,4.95,Organic,Clay,23.836025370265837
10.0,11.0,8.0,24.88,28.56,58.87323036264928,4.35,Organic,Loamy,17.70753582562784
7.0,0.0,11.0,47.18,28.35,54.99469889613291,2.7,Organic,Silty,19.2448407038008
9.0,0.0,12.0,30.56,33.04,51.633925577896115,3.15,Organic,Loamy,19.570684855275477
14.0,0.0,12.0,50.83,28.28,61.0399813098742,3.9,Organic,Silty,16.799049986256435
6.0,4.0,9.0,41.6,25.62,59.30226593092295,2.85,Organic,Silty,15.28983987878719
17.0,0.0,8.0,55.11,31.81,51.50097131810864,3.75,Organic,Silty,13.598235175082937
14.0,0.0,9.0,46.57,30.62,62.4711244156501,3.45,Organic,Silty,13.14742417663801
18.0,0.0,11.0,45.66,26.99,60.16926963974388,4.35,Organic,Silty,14.814317255651787
8.0,0.0,14.0,32.38,29.16,53.95404609187257,3.3,Organic,Loamy,12.724882800750345
10.0,3.0,13.0,38.08,33.46,75.40575709473073,3.9,Organic,Loamy,18.071767139932394
7.0,13.0,11.0,46.67,27.06,54.882489005375426,4.65,Organic,Silty,12.467121649544172
9.0,0.0,8.0,48.61,28.02,56.129554352679975,2.55,Organic,Silty,18.74663011074216
6.0,0.0,16.0,57.8,31.03,55.33755058368482,3.3,Organic,Silty,17.52524649146457
11.0,0.0,12.0,55.01,29.32,50.919151959238995,3.45,Organic,Silty,15.21489356870849
6.0,0.0,9.0,34.79,31.53,62.54487659116766,2.25,Organic,Loamy,14.990806113964176
18.0,0.0,14.0,43.76,28.85,63.917368124705284,4.8,Organic,Silty,13.781687278330114
12.0,0.0,12.0,28.54,28.53,50.25305243297725,3.6,Organic,Loamy,12.145284777447838
5.0,3.0,10.0,57.98,30.99,56.78330037036736,2.7,Organic,Silty,16.37313560273079
13.0,10.0,10.0,63.99,31.91,76.10080798353444,4.95,Organic,Clay,22.142258091617308
15.0,1.0,12.0,30.28,27.52,60.446528352056134,4.2,Organic,Loamy,14.509411214081481
9.0,2.0,6.0,70.0,28.47,64.64263750671326,2.55,Organic,Clay,19.446633139474567
8.0,6.0,18.0,50.58,28.15,52.67829135191444,4.8,Organic,Silty,14.210952313705802
10.0,0.0,14.0,37.41,25.92,64.09836411256184,3.6,Organic,Loamy,17.18549748973447
17.0,0.0,8.0,55.11,31.81,51.381186420914375,3.75,Organic,Silty,19.672496710762655
14.0,1.0,16.0,37.74,28.76,51.40133995476943,4.65,Organic,Loamy,16.43496903031438
32.0,1.0,0.0,36.55,27.67,51.1187275516586,4.95,Organic,Loamy,15.912827040378932
10.0,2.0,11.0,29.07,37.43,77.88636810314567,3.45,Organic,Loamy,26.74738699288055
10.0,0.0,13.0,33.14,28.73,59.79733677818284,3.45,Organic,Loamy,17.001047131684825
10.0,0.0,17.0,24.17,36.71,53.495810480919005,4.05,Organic,Loamy,17.970265848759205
9.0,0.0,8.0,39.37,22.93,55.77640620172022,2.55,Organic,Loamy,15.007057652370191
10.0,0.0,12.0,39.44,30.5,59.85989315337706,3.3,Organic,Loamy,16.09459414151768
17.0,4.0,9.0,37.18,37.83,63.30418611019202,4.5,Organic,Loamy,18.0194242957708
11.0,0.0,12.0,43.13,25.24,50.00945181780325,3.45,Organic,Silty,18.72097183343169
5.0,6.0,21.0,43.36,24.66,57.24891927538773,4.8,Organic,Silty,13.953081459231294
8.0,3.0,16.0,43.97,25.53,50.36865036552307,4.05,Organic,Silty,14.431679660245187
14.0,0.0,13.0,26.82,30.33,52.35909873343201,4.05,Organic,Loamy,12.036005409344487
31.0,2.0,0.0,45.73,32.76,55.789539328299185,4.95,Organic,Silty,19.997130845867833
17.0,2.0,14.0,31.69,30.18,72.20971108973501,4.95,Organic,Loamy,20.257950234577866
17.0,2.0,14.0,31.69,30.18,77.94673427569535,4.95,Organic,Loamy,23.88573431648641
10.0,2.0,11.0,29.07,37.43,79.21367557855324,3.45,Organic,Loamy,24.119089868291645
0.0,15.0,18.0,31.79,27.95,60.39576331865111,4.95,Organic,Loamy,15.451289451215306
4.0,0.0,10.0,58.52,30.43,62.06657614212837,2.1,Organic,Silty,16.251286621608557
17.0,0.0,9.0,37.93,35.61,56.2313846157845,3.9,Organic,Loamy,19.564325830360076
8.0,2.0,9.0,58.59,33.55,54.04205000141609,2.85,Organic,Silty,19.047058012285675
8.0,1.0,4.0,51.83,26.44,56.06083682672887,1.95,Organic,Silty,16.773691105031432
13.0,7.0,9.0,41.77,29.17,52.199128834373425,4.35,Organic,Silty,14.611270157913939
9.0,4.0,9.0,35.29,32.92,62.243009133481635,3.3,Organic,Loamy,18.798793714023407
31.0,0.0,0.0,23.95,29.5,64.47198618135504,4.65,Organic,Loamy,19.997335957497942
5.0,4.0,15.0,44.42,29.13,54.930172382253794,3.6,Organic,Silty,16.090014124011077
16.0,1.0,16.0,33.96,29.0,63.151516675627335,4.95,Organic,Loamy,19.91266287474763
8.0,0.0,11.0,44.78,28.71,56.96082144991947,2.85,Organic,Silty,16.446186357673103
11.0,0.0,12.0,55.01,29.32,62.82645080196371,3.45,Organic,Silty,16.870370239531184
8.0,3.0,16.0,43.97,25.53,64.22795990881663,4.05,Organic,Silty,17.13653604158053
16.0,0.0,10.0,55.13,32.31,58.08913436985754,3.9,Organic,Silty,16.005203981817957
14.0,0.0,13.0,26.82,30.33,54.719348978413215,4.05,Organic,Loamy,12.363424405104997
14.0,0.0,10.0,40.76,30.67,55.018678569892174,3.6,Organic,Silty,12.483761428035468
10.0,11.0,11.0,59.87,31.33,77.4024642504403,4.8,Organic,Silty,26.23805846435562
15.0,0.0,12.0,44.53,30.86,59.05732097620206,4.05,Organic,Silty,14.10620799017807
11.0,0.0,13.0,22.86,22.88,54.98288307101622,3.6,Organic,Loamy,17.41516791757603
9.0,0.0,8.0,39.37,22.93,59.355772751219895,2.55,Organic,Loamy,19.57643635047405
9.0,8.0,16.0,41.74,29.7,57.241946227624005,4.95,Organic,Silty,16.321997755107642
13.0,0.0,12.0,55.82,34.66,54.596932552507255,3.75,Organic,Silty,16.835108928816187
17.0,0.0,10.0,30.73,31.8,53.07909022713655,4.05,Organic,Loamy,19.55345399915281
9.0,0.0,8.0,63.42,26.68,53.216177792641645,2.55,Organic,Clay,16.618053565644164
9.0,0.0,8.0,63.42,26.68,58.06471464564765,2.55,Organic,Clay,15.984789826803501
5.0,3.0,17.0,60.98,24.74,63.93920929307148,3.75,Organic,Clay,16.022411607609218
5.0,6.0,21.0,43.36,24.66,56.513090937892784,4.8,Organic,Silty,12.661560672595117
15.0,4.0,12.0,26.34,21.75,70.43629321761675,4.65,Organic,Loamy,17.285263675689183
10.0,0.0,13.0,33.14,28.73,56.53804936699375,3.45,Organic,Loamy,14.856758825523443
11.0,0.0,12.0,43.13,25.24,56.210316508264626,3.45,Organic,Silty,19.88158597460132
16.0,1.0,6.0,52.11,33.21,60.527673411183656,3.45,Organic,Silty,14.66732330354462
14.0,0.0,3.0,26.54,23.23,50.1170805156079,2.55,Organic,Loamy,14.772161006034148
10.0,8.0,11.0,63.78,25.41,79.7597716210297,4.35,Organic,Clay,23.39758991292484
13.0,1.0,6.0,27.81,22.57,63.1405484991371,3.0,Organic,Loamy,13.53064862574228
15.0,1.0,7.0,63.49,21.93,64.30436887569519,3.45,Organic,Clay,12.407131381968636
13.0,12.0,7.0,24.3,21.48,61.74448237570557,4.8,Organic,Loamy,15.151859233661533
16.0,0.0,10.0,55.13,32.31,61.948296023530474,3.9,Organic,Silty,13.687140164927179
8.0,0.0,11.0,44.48,24.29,57.329994974724215,2.85,Organic,Silty,15.102172379698931
32.0,0.0,1.0,39.27,24.38,50.176549687696564,4.95,Organic,Loamy,13.955409573116606
31.0,2.0,0.0,45.73,32.76,56.90197986444283,4.95,Organic,Silty,14.399950316082556
14.0,1.0,16.0,37.74,28.76,56.0584973490713,4.65,Organic,Loamy,13.12325025593094
19.0,0.0,13.0,36.53,27.78,54.813753371555165,4.8,Organic,Loamy,18.52478603891692
8.0,1.0,9.0,23.25,31.5,50.60628276074617,2.7,Organic,Loamy,15.969595854084105
8.0,0.0,8.0,51.15,29.67,55.5149882777596,2.4,Organic,Silty,16.965890623672134
8.0,10.0,9.0,60.1,38.58,63.68343833479626,4.05,Organic,Clay,19.700914486070968
8.0,0.0,11.0,44.48,24.29,51.99171129634742,2.85,Organic,Silty,13.257224246265494
33.0,0.0,0.0,28.33,34.2,63.9214231464309,4.95,Organic,Loamy,18.727636898563542
5.0,6.0,21.0,43.36,24.66,53.41652310723303,4.8,Organic,Silty,17.45414593274515
15.0,0.0,8.0,53.4,28.13,59.575595071053485,3.45,Organic,Silty,18.58226031192598
11.0,4.0,5.0,58.73,26.04,56.21719710844104,3.0,Organic,Silty,17.491895545488926
17.0,0.0,16.0,24.64,31.09,64.8962421740581,4.95,Organic,Loamy,14.157773323482793
10.0,3.0,13.0,38.08,33.46,76.82991582284215,3.9,Organic,Loamy,20.681093391422063
12.0,0.0,12.0,64.07,38.94,59.871177473084835,3.6,Organic,Clay,15.544882736091617
9.0,0.0,8.0,48.61,28.02,60.79427698030443,2.55,Organic,Silty,18.34174942195622
4.0,0.0,10.0,55.57,32.45,59.83023225475354,2.1,Organic,Silty,12.933300478351292
5.0,4.0,15.0,44.42,29.13,61.18236106121425,3.6,Organic,Silty,15.687118785953556
11.0,11.0,9.0,49.84,28.67,56.620496461395476,4.65,Organic,Silty,18.109886828139093
6.0,0.0,15.0,52.65,35.85,59.673157903879556,3.15,Organic,Silty,12.918259982611582
9.0,3.0,7.0,54.83,26.95,56.591113604851365,2.85,Organic,Silty,19.04971134363481
8.0,3.0,16.0,43.97,25.53,58.06494009159355,4.05,Organic,Silty,19.160278801704106
11.0,0.0,9.0,54.69,29.19,64.83224716628568,3.0,Organic,Silty,16.847296834523398
18.0,0.0,11.0,45.66,26.99,61.06143823403862,4.35,Organic,Silty,16.93649963107056
9.0,0.0,8.0,63.42,26.68,63.79717165551567,2.55,Organic,Clay,19.780124885478234
10.0,8.0,11.0,63.78,25.41,75.97418894464968,4.35,Organic,Clay,20.936971071472268
7.0,3.0,13.0,62.65,25.19,55.56301549905055,3.45,Organic,Clay,18.008234248277542
30.0,1.0,0.0,33.68,23.64,52.03696438646759,4.65,Organic,Loamy,14.494980528515853
10.0,0.0,17.0,24.17,36.71,53.489080083296926,4.05,Organic,Loamy,18.953075350749543
8.0,0.0,10.0,47.61,34.34,56.138436117106664,2.7,Organic,Silty,12.39704332873407
6.0,0.0,18.0,51.9,26.99,51.4079344834011,3.6,Organic,Silty,14.900893199298185
12.0,0.0,17.0,30.67,32.51,55.35993404250995,4.35,Organic,Loamy,12.555122931553306
10.0,0.0,9.0,58.42,27.83,59.354665195671444,2.85,Organic,Silty,15.878267214745236
9.0,0.0,11.0,28.69,24.07,50.62576924698565,3.0,Organic,Loamy,16.080129152919444
9.0,0.0,8.0,48.61,28.02,64.0560877455492,2.55,Organic,Silty,15.42121068060472
8.0,2.0,9.0,58.59,33.55,57.635583057040314,2.85,Organic,Silty,16.548822203613817
8.0,3.0,10.0,55.3,27.64,54.60956169431391,3.15,Organic,Silty,14.564807871540934
9.0,8.0,8.0,41.41,26.91,52.82825185579036,3.75,Organic,Silty,15.036028195676884
31.0,2.0,0.0,45.73,32.76,55.15524778379484,4.95,Organic,Silty,14.821495125712296
14.0,4.0,11.0,49.01,30.59,78.31843074429969,4.35,Organic,Silty,18.60441572322844
3.0,16.0,11.0,31.62,24.24,55.13977602267262,4.5,Organic,Loamy,14.923203946700239
8.0,1.0,9.0,23.25,31.5,53.8212350507471,2.7,Organic,Loamy,14.973674474539534
5.0,6.0,21.0,43.36,24.66,62.03379602338995,4.8,Organic,Silty,17.058250222717113
5.0,0.0,9.0,64.83,25.22,55.958406518898016,2.1,Organic,Clay,18.555506462494886
8.0,0.0,10.0,47.61,34.34,57.947951731863235,2.7,Organic,Silty,15.69647599632672
14.0,0.0,10.0,40.76,30.67,60.57640040905122,3.6,Organic,Silty,12.905681514947785
15.0,3.0,12.0,37.46,31.02,75.25292426349522,4.5,Organic,Loamy,20.61883334424976
10.0,1.0,5.0,33.97,35.21,55.49371007662899,2.4,Organic,Loamy,14.116675524135335
8.0,1.0,9.0,23.25,31.5,52.621829314288235,2.7,Organic,Loamy,16.063248763040196
7.0,3.0,13.0,62.65,25.19,55.41059583784765,3.45,Organic,Clay,16.676023123721155
14.0,0.0,9.0,46.57,30.62,60.01015396625533,3.45,Organic,Silty,12.441421393957599
17.0,4.0,9.0,37.18,37.83,51.42850857844779,4.5,Organic,Loamy,13.236008853968869
18.0,0.0,14.0,43.76,28.85,50.442438259987284,4.8,Organic,Silty,13.314560784465545
10.0,0.0,11.0,44.56,28.27,62.45343411469031,3.15,Organic,Silty,19.356174716567196
9.0,8.0,8.0,41.41,26.91,52.099657299843024,3.75,Organic,Silty,17.3145322618509
30.0,0.0,0.0,57.25,38.55,59.87280250306182,4.5,Organic,Silty,17.92478165365263
6.0,4.0,9.0,41.6,25.62,62.29758299764359,2.85,Organic,Silty,14.34284847984891
13.0,12.0,7.0,24.3,21.48,54.67328693696154,4.8,Organic,Loamy,18.710608365315434
6.0,0.0,11.0,61.98,25.42,59.60419626854541,2.55,Organic,Clay,16.96750179927365
13.0,7.0,9.0,41.77,29.17,63.316402912923145,4.35,Organic,Silty,18.830085735139075
13.0,3.0,6.0,66.66,24.47,63.57653327149425,3.3,Organic,Clay,18.5655987556658
12.0,4.0,15.0,30.95,36.08,73.1207342882853,4.65,Organic,Loamy,26.237570608252
8.0,0.0,10.0,59.54,30.35,58.0358620370874,2.7,Organic,Silty,14.040901505081019
32.0,0.0,1.0,39.27,24.38,57.711698988030854,4.95,Organic,Loamy,17.354862626065465
11.0,4.0,5.0,58.73,26.04,51.626709934255864,3.0,Organic,Silty,12.884717634420277
7.0,0.0,11.0,47.18,28.35,56.86023048077455,2.7,Organic,Silty,12.095858875535534
9.0,0.0,4.0,54.69,27.58,63.99883050315292,1.95,Organic,Silty,12.607601873376765
14.0,0.0,10.0,40.76,30.67,51.01724604018951,3.6,Organic,Silty,17.557837628550438
9.0,8.0,10.0,38.38,21.07,63.43077803094447,4.05,Organic,Loamy,15.438953862253483
9.0,2.0,6.0,70.0,28.47,55.57040741591642,2.55,Organic,Clay,18.148715521776165
11.0,0.0,12.0,43.13,25.24,62.143546856338936,3.45,Organic,Silty,12.074203307039348
6.0,0.0,18.0,51.9,26.99,53.82998942075153,3.6,Organic,Silty,14.852095105562908
17.0,0.0,8.0,55.11,31.81,54.84523443148886,3.75,Organic,Silty,18.444414644026967
0.0,15.0,18.0,31.79,27.95,59.120041061811776,4.95,Organic,Loamy,19.075428683281213
13.0,3.0,8.0,70.0,29.67,61.41025477234962,3.6,Organic,Clay,19.644195529124744
16.0,0.0,10.0,55.13,32.31,61.177681663039216,3.9,Organic,Silty,13.114915376749082
13.0,3.0,9.0,67.15,21.4,51.354554574600314,3.75,Organic,Clay,18.403282840409265
18.0,0.0,11.0,45.66,26.99,60.717364503865824,4.35,Organic,Silty,19.142841965980203
15.0,1.0,7.0,63.49,21.93,59.96478084661973,3.45,Organic,Clay,16.88514036376254
9.0,8.0,16.0,41.74,29.7,60.540111408995564,4.95,Organic,Silty,19.632590539004145
16.0,1.0,16.0,33.96,29.0,57.4810911615932,4.95,Organic,Loamy,14.605543629586158
4.0,0.0,17.0,61.89,34.53,53.99968931025496,3.15,Organic,Clay,12.912258645407476
17.0,3.0,12.0,25.08,31.23,78.97027852929344,4.8,Organic,Loamy,26.486990261357594
18.0,0.0,11.0,45.66,26.99,60.293868750142515,4.35,Organic,Silty,17.680344374575807
8.0,3.0,10.0,55.3,27.64,63.873553185609296,3.15,Organic,Silty,17.208584649795377
12.0,0.0,12.0,28.54,28.53,56.642539515568615,3.6,Organic,Loamy,16.384723044060063
13.0,6.0,11.0,43.21,30.26,77.0812560305715,4.5,Organic,Silty,24.72255281594985
14.0,1.0,16.0,37.74,28.76,51.801172936551794,4.65,Organic,Loamy,13.449059389827818
15.0,0.0,8.0,53.4,28.13,63.54223270401549,3.45,Organic,Silty,18.363847451921526
9.0,4.0,9.0,35.29,32.92,57.89418735989706,3.3,Organic,Loamy,15.321164609163745
33.0,0.0,0.0,26.1,27.41,58.37681648541963,4.95,Organic,Loamy,17.105114607773544
15.0,3.0,8.0,20.23,22.92,57.73501306410906,3.9,Organic,Loamy,12.279845775580815
17.0,0.0,16.0,24.64,31.09,51.5903663070879,4.95,Organic,Loamy,18.440404967329272
17.0,1.0,13.0,36.97,35.89,63.081810196099056,4.65,Organic,Loamy,15.930862561300817
17.0,0.0,8.0,55.11,31.81,57.50502268018886,3.75,Organic,Silty,14.696345163635682
16.0,0.0,10.0,55.13,32.31,56.402629410031885,3.9,Organic,Silty,12.991378680718237
10.0,1.0,5.0,33.97,35.21,62.70770508216674,2.4,Organic,Loamy,16.846468307553447
13.0,3.0,6.0,66.66,24.47,50.22188401470664,3.3,Organic,Clay,13.142735984604862
7.0,0.0,14.0,70.0,23.66,55.94610924540368,3.15,Organic,Clay,13.683514954358612
32.0,1.0,0.0,36.55,27.67,63.13133183696117,4.95,Organic,Loamy,12.9721462205328
15.0,4.0,12.0,26.34,21.75,73.96095945626338,4.65,Organic,Loamy,17.349890319541455
10.0,0.0,11.0,44.56,28.27,50.70141420037855,3.15,Organic,Silty,16.385554775593988
6.0,0.0,18.0,51.9,26.99,52.713626708716866,3.6,Organic,Silty,18.080395045665416
10.0,1.0,5.0,33.97,35.21,51.938170938740036,2.4,Organic,Loamy,14.648783884145889
10.0,2.0,10.0,43.22,32.34,71.00798393624885,3.3,Organic,Silty,20.830794100157195
13.0,0.0,4.0,35.06,23.9,51.022051339220546,2.55,Organic,Loamy,16.43233907645835
11.0,0.0,13.0,22.86,22.88,55.75580224281697,3.6,Organic,Loamy,19.183487491335217
7.0,3.0,13.0,62.65,25.19,52.70988873526412,3.45,Organic,Clay,16.33961218083571
8.0,0.0,10.0,47.61,34.34,54.199929282303536,2.7,Organic,Silty,19.90830257852703
13.0,7.0,9.0,41.77,29.17,50.46935196400078,4.35,Organic,Silty,16.552827696811114
12.0,0.0,13.0,36.9,29.04,57.51734890674727,3.75,Organic,Loamy,15.674185979560967
10.0,0.0,9.0,58.42,27.83,53.93162269058285,2.85,Organic,Silty,13.05045580989974
9.0,3.0,7.0,54.83,26.95,56.324995271256306,2.85,Organic,Silty,12.807150149487137
14.0,0.0,12.0,55.68,28.79,58.067816382690836,3.9,Organic,Silty,13.631107836012715
13.0,2.0,10.0,46.01,27.95,77.47390232026349,3.75,Organic,Silty,16.885480846660492
9.0,8.0,8.0,41.41,26.91,62.15177868271951,3.75,Organic,Silty,18.671538340826434
15.0,1.0,12.0,30.28,27.52,64.73858577243921,4.2,Organic,Loamy,15.79151986136037
11.0,0.0,15.0,31.46,22.44,61.46032769981386,3.9,Organic,Loamy,13.399832302178098
6.0,3.0,15.0,41.8,26.8,62.50416453292985,3.6,Organic,Silty,17.013332577709463
11.0,0.0,6.0,39.64,33.99,52.7319802549414,2.55,Organic,Loamy,18.737100784237896
16.0,3.0,11.0,57.12,32.27,71.14207725165122,4.5,Organic,Silty,27.26612085611345
0.0,15.0,18.0,31.79,27.95,55.300945656498385,4.95,Organic,Loamy,15.4289799068611
14.0,0.0,9.0,46.57,30.62,51.39172350695282,3.45,Organic,Silty,18.537460206408742
10.0,0.0,10.0,67.14,27.0,58.713615277327555,3.0,Organic,Clay,14.502387283224436
8.0,0.0,11.0,44.78,28.71,54.88727399312039,2.85,Organic,Silty,13.27153766342046
8.0,3.0,16.0,43.97,25.53,61.43286946670393,4.05,Organic,Silty,12.713274936553233
11.0,0.0,12.0,29.99,30.16,57.37482678421229,3.45,Organic,Loamy,18.75260550830024
11.0,0.0,12.0,55.01,29.32,61.42605681821459,3.45,Organic,Silty,14.14477812554745
17.0,4.0,9.0,37.18,37.83,62.77789350005783,4.5,Organic,Loamy,17.54646967169025
31.0,0.0,0.0,23.95,29.5,64.00377924056782,4.65,Organic,Loamy,15.859432158656421
9.0,0.0,11.0,28.69,24.07,52.633118234805394,3.0,Organic,Loamy,13.609910931389823
4.0,0.0,10.0,55.57,32.45,50.606370786069654,2.1,Organic,Silty,15.99566953029155
10.0,2.0,10.0,43.22,32.34,76.6305757134897,3.3,Organic,Silty,19.06735895380006
9.0,0.0,11.0,28.69,24.07,54.8474035953202,3.0,Organic,Loamy,19.895610543759773
17.0,0.0,8.0,55.11,31.81,56.28726805794523,3.75,Organic,Silty,14.487055418098914
1.0,14.0,12.0,49.01,29.51,60.258269281391215,4.05,Organic,Silty,12.970351293852833
15.0,0.0,10.0,31.3,22.07,54.91515003474647,3.75,Organic,Loamy,15.786801207485281
7.0,3.0,13.0,62.65,25.19,63.12696907844886,3.45,Organic,Clay,14.33736043423192
32.0,1.0,0.0,36.55,27.67,58.254647205675376,4.95,Organic,Loamy,13.060827623793427
10.0,3.0,13.0,38.08,33.46,76.65980802002818,3.9,Organic,Loamy,16.55816325200903
8.0,0.0,8.0,51.15,29.67,56.18070726731402,2.4,Organic,Silty,14.296726599613471
9.0,0.0,8.0,39.37,22.93,52.51591903356272,2.55,Organic,Loamy,13.95962074704479
11.0,1.0,14.0,37.48,30.09,59.45579184544248,3.9,Organic,Loamy,16.22116410838062
4.0,0.0,10.0,55.57,32.45,55.50770193810419,2.1,Organic,Silty,18.186182466195444
6.0,0.0,15.0,52.65,35.85,51.772415153054475,3.15,Organic,Silty,15.784045605186286
8.0,0.0,10.0,30.96,33.77,61.385119875992075,2.7,Organic,Loamy,14.17319925032664
11.0,0.0,9.0,54.69,29.19,58.83389156484283,3.0,Organic,Silty,18.4880989063365
6.0,2.0,11.0,61.19,28.01,60.77622931397999,2.85,Organic,Clay,13.699258228772209
14.0,0.0,13.0,26.82,30.33,58.01976388795836,4.05,Organic,Loamy,12.193720344452167
15.0,0.0,8.0,53.4,28.13,59.69570118066686,3.45,Organic,Silty,12.317512520171537
6.0,4.0,15.0,39.03,27.9,57.01482293291957,3.75,Organic,Loamy,17.884364006007875
8.0,10.0,9.0,60.1,38.58,55.71283031674574,4.05,Organic,Clay,15.969063920531823
4.0,0.0,17.0,61.89,34.53,60.32422084969183,3.15,Organic,Clay,17.95480445853336
17.0,0.0,8.0,55.11,31.81,57.73425884021693,3.75,Organic,Silty,19.52300352409987
17.0,2.0,14.0,31.69,30.18,71.1030869007814,4.95,Organic,Loamy,19.775192042759688
11.0,0.0,9.0,41.44,30.03,57.76932893805367,3.0,Organic,Silty,16.662407538399503
8.0,2.0,11.0,30.97,29.64,58.17818914146796,3.15,Organic,Loamy,14.537319327611966
6.0,4.0,9.0,41.6,25.62,58.98007502921186,2.85,Organic,Silty,12.204812555241231
9.0,0.0,8.0,39.37,22.93,52.60766798343976,2.55,Organic,Loamy,12.10675605151829
11.0,0.0,17.0,43.04,27.36,59.996982887738504,4.2,Organic,Silty,17.872393440824506
12.0,0.0,12.0,64.07,38.94,54.81536202859348,3.6,Organic,Clay,12.110405399774402
10.0,0.0,8.0,63.99,22.4,62.74850111417274,2.7,Organic,Clay,15.08064145902646
10.0,2.0,10.0,43.22,32.34,76.41635926986855,3.3,Organic,Silty,25.77688327823325
16.0,1.0,16.0,33.96,29.0,55.42910163055184,4.95,Organic,Loamy,15.33584802112294
9.0,9.0,13.0,48.85,37.09,60.253996429449366,4.65,Organic,Silty,14.912958526325529
8.0,0.0,11.0,44.78,28.71,54.2214436916288,2.85,Organic,Silty,13.555655545675027
8.0,1.0,4.0,51.83,26.44,55.177624972126814,1.95,Organic,Silty,19.589611390967942
17.0,0.0,8.0,55.11,31.81,60.29393390382861,3.75,Organic,Silty,15.92750338144014
16.0,0.0,10.0,55.13,32.31,55.70644240284701,3.9,Organic,Silty,19.868381725885172
31.0,2.0,0.0,45.73,32.76,54.458369139055286,4.95,Organic,Silty,15.73381677172888
4.0,0.0,10.0,55.57,32.45,63.88354503823604,2.1,Organic,Silty,14.275804442482519
10.0,0.0,6.0,67.0,26.12,63.8916337815579,2.4,Organic,Clay,15.30532359082622
13.0,2.0,10.0,46.01,27.95,71.0888475192267,3.75,Organic,Silty,20.768377265167725
15.0,4.0,12.0,26.34,21.75,70.14250911260194,4.65,Organic,Loamy,25.465197483367625
13.0,1.0,14.0,30.24,28.58,56.63426374747145,4.2,Organic,Loamy,16.03463795993443
10.0,0.0,8.0,63.99,22.4,61.39828555614421,2.7,Organic,Clay,16.625493482844984
15.0,0.0,8.0,53.4,28.13,64.29007227518753,3.45,Organic,Silty,12.363063589188053
10.0,8.0,11.0,63.78,25.41,70.42014574770728,4.35,Organic,Clay,27.073647201463167
9.0,2.0,6.0,70.0,28.47,52.02869148819782,2.55,Organic,Clay,19.597848483208242
12.0,0.0,10.0,34.97,29.4,61.39709095041431,3.3,Organic,Loamy,18.42023963014252
14.0,0.0,3.0,26.54,23.23,64.74077831148739,2.55,Organic,Loamy,19.95435402725147
9.0,2.0,6.0,70.0,28.47,51.21745495402545,2.55,Organic,Clay,15.16559104197031
3.0,16.0,11.0,31.62,24.24,57.94835412165376,4.5,Organic,Loamy,16.851461042964985
10.0,0.0,13.0,33.14,28.73,53.860987920179696,3.45,Organic,Loamy,19.73780205870949
9.0,11.0,10.0,56.15,28.35,61.12303359924107,4.5,Organic,Silty,15.11247257822748
11.0,0.0,13.0,22.86,22.88,54.564421103625115,3.6,Organic,Loamy,12.087567670715865
16.0,3.0,11.0,28.78,24.55,73.30683691575405,4.5,Organic,Loamy,25.521130561745554
17.0,2.0,14.0,31.69,30.18,72.4413483334605,4.95,Organic,Loamy,24.89154708432583
9.0,8.0,10.0,38.38,21.07,61.20026792028039,4.05,Organic,Loamy,12.805019470736212
8.0,4.0,13.0,48.0,35.21,56.74414667808319,3.75,Organic,Silty,13.395419108284763
6.0,2.0,11.0,61.19,28.01,62.46119729714058,2.85,Organic,Clay,15.424575289283078
9.0,8.0,16.0,41.74,29.7,51.954129030849785,4.95,Organic,Silty,19.02865312402212
11.0,0.0,7.0,48.07,27.94,63.61952270454295,2.7,Organic,Silty,19.271108614279783
14.0,4.0,14.0,42.41,31.3,73.62947916873797,4.8,Organic,Silty,21.899958906924404
9.0,2.0,6.0,70.0,28.47,53.314332603520505,2.55,Organic,Clay,16.07051153458128
14.0,0.0,10.0,40.76,30.67,54.96710852710045,3.6,Organic,Silty,16.922239592651746
16.0,1.0,6.0,52.11,33.21,51.19053944517938,3.45,Organic,Silty,13.88180382395555
8.0,0.0,8.0,51.15,29.67,51.07252859309017,2.4,Organic,Silty,16.02712630033089
11.0,11.0,9.0,49.84,28.67,59.99687744618547,4.65,Organic,Silty,15.489778417452321
13.0,6.0,11.0,43.21,30.26,72.33360233104139,4.5,Organic,Silty,19.672997603029017
9.0,9.0,13.0,48.85,37.09,62.88963637427335,4.65,Organic,Silty,17.48539681999506
